/*
Navicat MySQL Data Transfer

Source Server         : mysql
Source Server Version : 100126
Source Host           : localhost:3306
Source Database       : bintalwaka

Target Server Type    : MYSQL
Target Server Version : 100126
File Encoding         : 65001

Date: 2018-05-25 22:51:31
*/

SET FOREIGN_KEY_CHECKS=0;

-- ----------------------------
-- Table structure for t_berita
-- ----------------------------
DROP TABLE IF EXISTS `t_berita`;
CREATE TABLE `t_berita` (
`id_berita`  int(5) NOT NULL AUTO_INCREMENT ,
`judul`  varchar(150) CHARACTER SET latin1 COLLATE latin1_swedish_ci NOT NULL ,
`slug`  varchar(255) CHARACTER SET latin1 COLLATE latin1_swedish_ci NULL DEFAULT NULL ,
`isi`  text CHARACTER SET latin1 COLLATE latin1_swedish_ci NOT NULL ,
`image`  varchar(40) CHARACTER SET latin1 COLLATE latin1_swedish_ci NOT NULL DEFAULT 'banner_default.png' ,
`tanggal`  timestamp NOT NULL DEFAULT CURRENT_TIMESTAMP ON UPDATE CURRENT_TIMESTAMP ,
`id_user`  int(11) NOT NULL ,
PRIMARY KEY (`id_berita`),
FOREIGN KEY (`id_user`) REFERENCES `t_user` (`id_user`) ON DELETE CASCADE ON UPDATE CASCADE,
INDEX `id_user` (`id_user`) USING BTREE 
)
ENGINE=InnoDB
DEFAULT CHARACTER SET=latin1 COLLATE=latin1_swedish_ci
AUTO_INCREMENT=14

;

-- ----------------------------
-- Records of t_berita
-- ----------------------------
BEGIN;
INSERT INTO `t_berita` VALUES ('1', 'Berita 1', 'Lorem ipsum dolor sit amet, consectetur adipiscing elit. Quisque sit amet quam rhoncus, condimentum odio eget, euismod nulla. Nunc ut ante ullamcorper, rutrum mi nec, pellentesque ante. Pellentesque habitant morbi metus.', 'Lorem ipsum dolor sit amet, consectetur adipiscing elit. Duis nec odio consequat, tincidunt sem sit amet, aliquam nibh. Phasellus ultrices elementum purus vel mollis. Cras vel dignissim sapien, sagittis fringilla leo. Phasellus elit velit, pulvinar in mauris sodales, interdum faucibus metus. Cras condimentum, mauris nec euismod consectetur, tortor erat mollis lorem, id auctor dui magna nec metus. Proin vitae arcu vel justo convallis congue eget consequat justo. Proin mi sapien, sollicitudin eu imperdiet sed, placerat ac lacus. Praesent varius erat quis euismod bibendum. Nam vitae convallis felis, eu malesuada nunc. Phasellus quis magna nec metus efficitur elementum. Nam libero nisi, blandit eget lobortis eu, iaculis in eros. Vestibulum vestibulum hendrerit nisi, ut dignissim felis tristique ut. ', 'banner_default.png', '2018-05-22 22:10:17', '1'), ('2', 'Berita 2', 'Lorem ipsum dolor sit amet, consectetur adipiscing elit. Quisque sit amet quam rhoncus, condimentum odio eget, euismod nulla. Nunc ut ante ullamcorper, rutrum mi nec, pellentesque ante. Pellentesque habitant morbi metus.', 'Lorem ipsum dolor sit amet, consectetur adipiscing elit. Quisque sit amet quam rhoncus, condimentum odio eget, euismod nulla. Nunc ut ante ullamcorper, rutrum mi nec, pellentesque ante. Pellentesque habitant morbi metus.', 'banner_default.png', '2018-05-22 22:10:16', '1'), ('3', 'Berita 3', 'Lorem ipsum dolor sit amet, consectetur adipiscing elit. Quisque sit amet quam rhoncus, condimentum odio eget, euismod nulla. Nunc ut ante ullamcorper, rutrum mi nec, pellentesque ante. Pellentesque habitant morbi metus.', 'Lorem ipsum dolor sit amet, consectetur adipiscing elit. Quisque sit amet quam rhoncus, condimentum odio eget, euismod nulla. Nunc ut ante ullamcorper, rutrum mi nec, pellentesque ante. Pellentesque habitant morbi metus.', 'banner_default.png', '2018-05-22 22:10:15', '1'), ('4', 'Berita 4', 'Lorem ipsum dolor sit amet, consectetur adipiscing elit. Quisque sit amet quam rhoncus, condimentum odio eget, euismod nulla. Nunc ut ante ullamcorper, rutrum mi nec, pellentesque ante. Pellentesque habitant morbi metus.', 'Lorem ipsum dolor sit amet, consectetur adipiscing elit. Quisque sit amet quam rhoncus, condimentum odio eget, euismod nulla. Nunc ut ante ullamcorper, rutrum mi nec, pellentesque ante. Pellentesque habitant morbi metus.', 'banner_default.png', '2018-05-22 22:10:14', '1'), ('12', 'Berita 5', 'Hello World!!!!!', 'Hello World!!!!!', 'image_348.jpg', '2018-05-23 16:19:34', '1'), ('13', 'Berita 6', 'Hello world2', 'Hello world2', 'image_181.jpg', '2018-05-24 02:55:58', '1');
COMMIT;

-- ----------------------------
-- Table structure for t_bintalwaka
-- ----------------------------
DROP TABLE IF EXISTS `t_bintalwaka`;
CREATE TABLE `t_bintalwaka` (
`tahun`  varchar(4) CHARACTER SET latin1 COLLATE latin1_swedish_ci NOT NULL ,
`tanggal`  date NOT NULL ,
`lokasi`  varchar(40) CHARACTER SET latin1 COLLATE latin1_swedish_ci NOT NULL ,
`tema`  text CHARACTER SET latin1 COLLATE latin1_swedish_ci NOT NULL ,
PRIMARY KEY (`tahun`)
)
ENGINE=InnoDB
DEFAULT CHARACTER SET=latin1 COLLATE=latin1_swedish_ci

;

-- ----------------------------
-- Records of t_bintalwaka
-- ----------------------------
BEGIN;
INSERT INTO `t_bintalwaka` VALUES ('2014', '2014-11-12', 'Malang', 'Tema 1'), ('2015', '2015-12-07', 'Batu', 'Tema 2'), ('2016', '2016-11-21', 'Surabaya', 'Tema 3'), ('2018', '2018-11-16', 'Magelang', 'Tema 4');
COMMIT;

-- ----------------------------
-- Table structure for t_fakultas
-- ----------------------------
DROP TABLE IF EXISTS `t_fakultas`;
CREATE TABLE `t_fakultas` (
`id_fakultas`  int(5) NOT NULL ,
`nama_fakultas`  varchar(25) CHARACTER SET latin1 COLLATE latin1_swedish_ci NOT NULL ,
PRIMARY KEY (`id_fakultas`)
)
ENGINE=InnoDB
DEFAULT CHARACTER SET=latin1 COLLATE=latin1_swedish_ci

;

-- ----------------------------
-- Records of t_fakultas
-- ----------------------------
BEGIN;
INSERT INTO `t_fakultas` VALUES ('1', 'Hukum'), ('2', 'Ekonomi'), ('3', 'ISIP'), ('4', 'Teknik'), ('5', 'Psikologi'), ('6', 'Teknologi Informasi'), ('7', 'Diploma Kepariwisataan');
COMMIT;

-- ----------------------------
-- Table structure for t_jurusan
-- ----------------------------
DROP TABLE IF EXISTS `t_jurusan`;
CREATE TABLE `t_jurusan` (
`id_jurusan`  int(5) NOT NULL ,
`id_fakultas`  int(5) NOT NULL ,
`nama_jurusan`  varchar(50) CHARACTER SET latin1 COLLATE latin1_swedish_ci NOT NULL ,
PRIMARY KEY (`id_jurusan`),
FOREIGN KEY (`id_fakultas`) REFERENCES `t_fakultas` (`id_fakultas`) ON DELETE CASCADE ON UPDATE CASCADE,
INDEX `fk_id_fakultas` (`id_fakultas`) USING BTREE 
)
ENGINE=InnoDB
DEFAULT CHARACTER SET=latin1 COLLATE=latin1_swedish_ci

;

-- ----------------------------
-- Records of t_jurusan
-- ----------------------------
BEGIN;
INSERT INTO `t_jurusan` VALUES ('10', '1', 'S1 Hukum'), ('20', '2', 'S1 Akuntansi'), ('21', '2', 'S1 Manajemen'), ('22', '2', 'S1 Ekonomi Pembangunan'), ('23', '2', 'D3 Perbankan & Keuangan'), ('24', '2', 'D3 Akuntansi'), ('30', '3', 'S1 Ilmu Administrasi Publik'), ('31', '3', 'S1 Ilmu Administrasi Bisnis'), ('32', '3', 'S1 Ilmu Komunikasi'), ('33', '3', 'D3 Bahasa Inggris'), ('40', '4', 'S1 Teknik Sipil'), ('41', '4', 'S1 Teknik Mesin'), ('42', '4', 'S1 Teknik Arsitektur'), ('43', '4', 'S1 Teknik Industri'), ('44', '4', 'S1 Teknik Elektro'), ('50', '5', 'S1 Psikologi'), ('60', '6', 'S1 Sistem Informasi'), ('61', '6', 'D3 Sistem Informasi'), ('70', '7', 'D4 Manajemen Pariwisata'), ('71', '7', 'D3 Perhotelan'), ('72', '7', 'D3 Usaha Perjalanan Wisata');
COMMIT;

-- ----------------------------
-- Table structure for t_kelompok
-- ----------------------------
DROP TABLE IF EXISTS `t_kelompok`;
CREATE TABLE `t_kelompok` (
`id_kelompok`  int(5) NOT NULL AUTO_INCREMENT ,
`nama_kelompok`  varchar(25) CHARACTER SET latin1 COLLATE latin1_swedish_ci NOT NULL ,
PRIMARY KEY (`id_kelompok`)
)
ENGINE=InnoDB
DEFAULT CHARACTER SET=latin1 COLLATE=latin1_swedish_ci
AUTO_INCREMENT=7

;

-- ----------------------------
-- Records of t_kelompok
-- ----------------------------
BEGIN;
INSERT INTO `t_kelompok` VALUES ('1', 'Kelompok A'), ('2', 'Kelompok B'), ('3', 'Kelompok C'), ('4', 'Kelompok D'), ('5', 'Kelompok F'), ('6', 'Kelompok E');
COMMIT;

-- ----------------------------
-- Table structure for t_mahasiswa
-- ----------------------------
DROP TABLE IF EXISTS `t_mahasiswa`;
CREATE TABLE `t_mahasiswa` (
`nim`  int(15) NOT NULL ,
`tahun_bintalwaka`  varchar(4) CHARACTER SET latin1 COLLATE latin1_swedish_ci NULL DEFAULT NULL ,
`id_kelompok`  int(5) NULL DEFAULT NULL ,
`id_jurusan`  int(11) NOT NULL ,
`nama_lengkap`  varchar(50) CHARACTER SET latin1 COLLATE latin1_swedish_ci NOT NULL ,
`nama_panggilan`  varchar(10) CHARACTER SET latin1 COLLATE latin1_swedish_ci NULL DEFAULT NULL ,
`jenis_kelamin`  varchar(10) CHARACTER SET latin1 COLLATE latin1_swedish_ci NOT NULL ,
`tempat`  varchar(25) CHARACTER SET latin1 COLLATE latin1_swedish_ci NOT NULL ,
`tanggal_lahir`  date NOT NULL ,
`alamat`  varchar(250) CHARACTER SET latin1 COLLATE latin1_swedish_ci NULL DEFAULT NULL ,
`no_HP`  varchar(255) CHARACTER SET latin1 COLLATE latin1_swedish_ci NOT NULL ,
`hobi`  varchar(10) CHARACTER SET latin1 COLLATE latin1_swedish_ci NULL DEFAULT NULL ,
`riwayat_pendidikan`  text CHARACTER SET latin1 COLLATE latin1_swedish_ci NULL ,
`prestasi`  text CHARACTER SET latin1 COLLATE latin1_swedish_ci NULL ,
`riwayat_penyakit`  text CHARACTER SET latin1 COLLATE latin1_swedish_ci NULL ,
`motivasi`  text CHARACTER SET latin1 COLLATE latin1_swedish_ci NULL ,
`biaya`  enum('lunas','belum') CHARACTER SET latin1 COLLATE latin1_swedish_ci NOT NULL DEFAULT 'belum' ,
`idcard`  enum('sudah','belum') CHARACTER SET latin1 COLLATE latin1_swedish_ci NOT NULL DEFAULT 'belum' ,
`sertifikat`  enum('sudah','belum') CHARACTER SET latin1 COLLATE latin1_swedish_ci NOT NULL DEFAULT 'belum' ,
`image`  varchar(255) CHARACTER SET latin1 COLLATE latin1_swedish_ci NOT NULL DEFAULT 'default_profile.jpg' ,
PRIMARY KEY (`nim`),
FOREIGN KEY (`id_jurusan`) REFERENCES `t_jurusan` (`id_jurusan`) ON DELETE CASCADE ON UPDATE CASCADE,
FOREIGN KEY (`id_kelompok`) REFERENCES `t_kelompok` (`id_kelompok`) ON DELETE CASCADE ON UPDATE CASCADE,
FOREIGN KEY (`tahun_bintalwaka`) REFERENCES `t_bintalwaka` (`tahun`) ON DELETE CASCADE ON UPDATE CASCADE,
INDEX `id_jurusan` (`id_jurusan`) USING BTREE ,
INDEX `fk_id_kelompok` (`id_kelompok`) USING BTREE ,
INDEX `fk_tahun_bintalwaka` (`tahun_bintalwaka`) USING BTREE 
)
ENGINE=InnoDB
DEFAULT CHARACTER SET=latin1 COLLATE=latin1_swedish_ci

;

-- ----------------------------
-- Records of t_mahasiswa
-- ----------------------------
BEGIN;
INSERT INTO `t_mahasiswa` VALUES ('14003576', '2014', '1', '10', 'Luis Namaga', 'Luis', 'laki', 'Medan', '2001-01-08', 'Dk. Suharso No. 989, Blitar 17574, KalTim', '088121467076', 'a', 'a', 'a', 'a', 'a', 'belum', 'belum', 'belum', 'default_profile.jpg'), ('14010653', '2014', '2', '20', 'Cayadi Samosir', 'Cayadi', 'laki', 'Pangkal Pinang', '1982-09-05', 'Dk. Umalas No. 174, Bontang 20345, KalUt', '084623347147', '', '', '', '', '', 'belum', 'belum', 'belum', 'default_profile.jpg'), ('14021869', '2014', '5', '21', 'Queen Kuswandari', 'Queen', 'perempuan', 'Palu', '1980-08-09', 'Kpg. PHH. Mustofa No. 511, Administrasi Jakarta Pusat 89159, JaTeng', '082968462052', '', '', '', '', '', 'belum', 'belum', 'belum', 'default_profile.jpg'), ('14022575', '2014', '3', '22', 'Saiful Palastri', 'Saiful', 'laki', 'Mojokerto', '1992-06-07', 'Dk. Adisucipto No. 820, Dumai 71422, SulTeng', '083045166116', '', '', '', '', '', 'belum', 'belum', 'belum', 'default_profile.jpg'), ('14029128', '2014', '4', '23', 'Dagel Waluyo', 'Dagel', 'laki', 'Banjar', '2014-12-12', 'Jr. Abdullah No. 82, Palembang 98697, Papua', '084479609712', '', '', '', '', '', 'belum', 'belum', 'belum', 'default_profile.jpg'), ('14036105', '2014', '5', '24', 'Luwar Kuswandari', 'Luwar', 'laki', 'Samarinda', '1984-06-23', 'Jln. Batako No. 966, Gorontalo 49929, SulBar', '083418357116', '', '', '', '', '', 'belum', 'belum', 'belum', 'default_profile.jpg'), ('14046499', '2014', '6', '30', 'Patricia Januar', 'Patricia', 'perempuan', 'Parepare', '2008-05-02', 'Ki. Jaksa No. 734, Sibolga 75275, Jambi', '081387884640', '', '', '', '', '', 'belum', 'belum', 'belum', 'default_profile.jpg'), ('14052248', '2014', '1', '31', 'Mila Hasanah', 'Mila', 'perempuan', 'Manado', '1996-09-23', 'Ds. Kebangkitan Nasional No. 987, Tanjungbalai 38997, NTT', '086974833530', '', '', '', '', '', 'belum', 'belum', 'belum', 'default_profile.jpg'), ('14079803', '2014', '2', '32', 'Aurora Hutagalung', 'Aurora', 'perempuan', 'Palopo', '1988-06-13', 'Jln. Bak Mandi No. 51, Administrasi Jakarta Utara 91271, SulTeng', '083035839383', '', '', '', '', '', 'belum', 'belum', 'belum', 'default_profile.jpg'), ('14081125', '2014', '6', '33', 'Jarwadi Anggriawan', 'Jarwadi', 'laki', 'Banda Aceh', '1990-07-25', 'Ds. Honggowongso No. 793, Serang 95469, Gorontalo', '086653194669', '', '', '', '', '', 'belum', 'belum', 'belum', 'default_profile.jpg'), ('14081838', '2014', '3', '40', 'Mutia Uyainah', 'Mutia', 'perempuan', 'Tomohon', '1984-01-21', 'Psr. Bakti No. 807, Batu 70019, Maluku', '086180295598', '', '', '', '', '', 'belum', 'belum', 'belum', 'default_profile.jpg'), ('14091887', '2014', '4', '41', 'Humaira Utami', 'Humaira', 'perempuan', 'Medan', '1994-05-05', 'Ds. Baranang Siang No. 1, Payakumbuh 89737, SumBar', '088578221776', '', '', '', '', '', 'belum', 'belum', 'belum', 'default_profile.jpg'), ('14095940', '2014', '5', '42', 'Cornelia Nuraini', 'Cornelia', 'perempuan', 'Batu', '2017-06-22', 'Kpg. Basuki No. 850, Medan 24765, NTB', '086129709650', '', '', '', '', '', 'belum', 'belum', 'belum', 'default_profile.jpg'), ('14096364', '2014', '6', '43', 'Kamila Prasasta', 'Kamila', 'perempuan', 'Banjarmasin', '1980-11-22', 'Ds. Laswi No. 311, Tasikmalaya 76516, Banten', '085391579697', '', '', '', '', '', 'belum', 'belum', 'belum', 'default_profile.jpg'), ('14103813', '2014', '1', '44', 'Julia Widodo', 'Julia', 'perempuan', 'Administrasi Jakarta Timu', '1994-01-09', 'Kpg. Zamrud No. 39, Sabang 13111, SumBar', '086759217174', '', '', '', '', '', 'belum', 'belum', 'belum', 'default_profile.jpg'), ('14108637', '2014', '1', '50', 'Caturangga Haryanto', 'Caturangga', 'laki', 'Palembang', '2005-01-29', 'Psr. Sentot Alibasa No. 982, Pekanbaru 78214, SumBar', '088860359831', '', '', '', '', '', 'belum', 'belum', 'belum', 'default_profile.jpg'), ('14109099', '2014', '2', '60', 'Umar Hassanah', 'Umar', 'laki', 'Administrasi Jakarta Pusa', '1975-05-10', 'Psr. Banceng Pondok No. 255, Tanjungbalai 74890, SumBar', '081370918472', '', '', '', '', '', 'belum', 'belum', 'belum', 'default_profile.jpg'), ('14112827', '2014', '3', '61', 'Jono Kuswandari', 'Jono', 'laki', 'Pariaman', '1990-01-03', 'Psr. Gatot Subroto No. 823, Dumai 81704, MalUt', '083519831847', '', '', '', '', '', 'belum', 'belum', 'belum', 'default_profile.jpg'), ('14113316', '2014', '2', '70', 'Hasna Mandasari', 'Hasna', 'perempuan', 'Tegal', '1991-08-31', 'Ki. Bahagia No. 34, Tangerang 81871, MalUt', '082731714499', '', '', '', '', '', 'belum', 'belum', 'belum', 'default_profile.jpg'), ('14117289', '2014', '3', '71', 'Patricia Santoso', 'Patricia', 'perempuan', 'Madiun', '1994-01-28', 'Ds. Bakau Griya Utama No. 987, Pangkal Pinang 80593, SumBar', '083036592616', '', '', '', '', '', 'belum', 'belum', 'belum', 'default_profile.jpg'), ('14123244', '2014', '4', '72', 'Kasiyah Hutagalung', 'Kasiyah', 'perempuan', 'Sawahlunto', '1991-10-19', 'Kpg. Raden No. 368, Banjar 68444, DIY', '082686905085', '', '', '', '', '', 'belum', 'belum', 'belum', 'default_profile.jpg'), ('14126689', '2014', '5', '10', 'Wirda Irawan', 'Wirda', 'perempuan', 'Pangkal Pinang', '1984-04-12', 'Kpg. Sutan Syahrir No. 733, Palu 62843, SulTra', '088729493292', '', '', '', '', '', 'belum', 'belum', 'belum', 'default_profile.jpg'), ('14128029', '2014', '4', '20', 'Rudi Astuti', 'Rudi', 'laki', 'Tanjungbalai', '1971-10-09', 'Jln. Wahidin No. 524, Padangpanjang 39232, Banten', '082348712223', '', '', '', '', '', 'belum', 'belum', 'belum', 'default_profile.jpg'), ('14129757', '2014', '6', '21', 'Jamalia Waskita', 'Jamalia', 'perempuan', 'Serang', '2010-10-29', 'Jln. Rajawali Barat No. 605, Sibolga 32351, Aceh', '081744322586', '', '', '', '', '', 'belum', 'belum', 'belum', 'default_profile.jpg'), ('14162940', '2014', '5', '22', 'Karya Thamrin', 'Karya', 'laki', 'Metro', '1995-12-15', 'Jr. Yos Sudarso No. 618, Ambon 88068, DIY', '084913363995', '', '', '', '', '', 'belum', 'belum', 'belum', 'default_profile.jpg'), ('14167482', '2014', '6', '23', 'Legawa Hidayat', 'Legawa', 'laki', 'Sungai Penuh', '1989-07-28', 'Jr. Asia Afrika No. 495, Ternate 69236, NTB', '084328555679', '', '', '', '', '', 'belum', 'belum', 'belum', 'default_profile.jpg'), ('14175273', '2014', '1', '24', 'Kadir Hariyah', 'Kadir', 'laki', 'Gunungsitoli', '1981-11-28', 'Jr. Juanda No. 951, Bekasi 51123, Jambi', '082437829478', '', '', '', '', '', 'belum', 'belum', 'belum', 'default_profile.jpg'), ('14177766', '2014', '1', '30', 'Amalia Wulandari', 'Amalia', 'perempuan', 'Banjarmasin', '1972-11-26', 'Jln. Sampangan No. 469, Tual 66567, JaBar', '083069538696', '', '', '', '', '', 'belum', 'belum', 'belum', 'default_profile.jpg'), ('14190287', '2014', '2', '31', 'Jessica Handayani', 'Jessica', 'perempuan', 'Palangka Raya', '2006-10-24', 'Psr. Antapani Lama No. 949, Blitar 41572, MalUt', '084411472243', '', '', '', '', '', 'belum', 'belum', 'belum', 'default_profile.jpg'), ('14201450', '2014', '2', '32', 'Kuncara Namaga', 'Kuncara', 'laki', 'Banda Aceh', '1971-04-02', 'Gg. Cihampelas No. 958, Singkawang 22359, KepR', '085265861659', '', '', '', '', '', 'belum', 'belum', 'belum', 'default_profile.jpg'), ('14204165', '2014', '3', '33', 'Nadia Permadi', 'Nadia', 'perempuan', 'Singkawang', '1977-03-04', 'Gg. Jagakarsa No. 36, Tarakan 27530, SumBar', '088552217286', '', '', '', '', '', 'belum', 'belum', 'belum', 'default_profile.jpg'), ('14210481', '2014', '4', '40', 'Eka Mustofa', 'Eka', 'perempuan', 'Sawahlunto', '1973-03-19', 'Gg. Bata Putih No. 968, Bogor 20452, SulTra', '087969565266', '', '', '', '', '', 'belum', 'belum', 'belum', 'default_profile.jpg'), ('14217068', '2014', '5', '41', 'Vicky Kuswandari', 'Vicky', 'perempuan', 'Lhokseumawe', '1999-07-28', 'Dk. Cemara No. 690, Kupang 44275, SumSel', '087815298427', '', '', '', '', '', 'belum', 'belum', 'belum', 'default_profile.jpg'), ('14228247', '2014', '3', '42', 'Ega Yuliarti', 'Ega', 'laki', 'Madiun', '2010-05-23', 'Psr. Achmad Yani No. 785, Batam 73560, KalTim', '083679421218', '', '', '', '', '', 'belum', 'belum', 'belum', 'default_profile.jpg'), ('14234849', '2014', '4', '43', 'Latif Palastri', 'Latif', 'laki', 'Kupang', '2008-12-24', 'Jln. Salak No. 828, Tual 90502, NTT', '086573983542', '', '', '', '', '', 'belum', 'belum', 'belum', 'default_profile.jpg'), ('14236959', '2014', '5', '44', 'Mahmud Suryatmi', 'Mahmud', 'laki', 'Pagar Alam', '1971-06-21', 'Ds. Barat No. 177, Sibolga 79012, SulUt', '088416896633', '', '', '', '', '', 'belum', 'belum', 'belum', 'default_profile.jpg'), ('14239762', '2014', '6', '50', 'Maya Pertiwi', 'Maya', 'perempuan', 'Lhokseumawe', '2013-07-31', 'Jln. Monginsidi No. 217, Bau-Bau 43265, KepR', '081294305698', '', '', '', '', '', 'belum', 'belum', 'belum', 'default_profile.jpg'), ('14242873', '2014', '6', '60', 'Jail Gunawan', 'Jail', 'laki', 'Banjarbaru', '1981-02-26', 'Jr. Ahmad Dahlan No. 622, Padang 34135, Maluku', '085096395075', '', '', '', '', '', 'belum', 'belum', 'belum', 'default_profile.jpg'), ('14248249', '2014', '1', '61', 'Ani Prasasta', 'Ani', 'perempuan', 'Administrasi Jakarta Sela', '1983-01-22', 'Gg. Batako No. 113, Pontianak 15115, Papua', '084624122547', '', '', '', '', '', 'belum', 'belum', 'belum', 'default_profile.jpg'), ('14250059', '2014', '2', '70', 'Elvina Permata', 'Elvina', 'perempuan', 'Madiun', '1975-03-09', 'Psr. Bagonwoto  No. 698, Manado 60078, NTT', '083844805692', '', '', '', '', '', 'belum', 'belum', 'belum', 'default_profile.jpg'), ('14255465', '2014', '3', '71', 'Gasti Usada', 'Gasti', 'perempuan', 'Manado', '2006-11-22', 'Psr. Sutarjo No. 390, Bogor 72515, DIY', '083698111580', '', '', '', '', '', 'belum', 'belum', 'belum', 'default_profile.jpg'), ('14255683', '2014', '1', '72', 'Niyaga Suryatmi', 'Niyaga', 'laki', 'Lhokseumawe', '1975-07-24', 'Psr. Abdul. Muis No. 22, Semarang 75169, KalUt', '082587627523', '', '', '', '', '', 'belum', 'belum', 'belum', 'default_profile.jpg'), ('14256186', '2014', '2', '10', 'Dipa Rahmawati', 'Dipa', 'laki', 'Tasikmalaya', '2003-04-19', 'Gg. W.R. Supratman No. 485, Padangpanjang 77893, Bengkulu', '083182674274', '', '', '', '', '', 'belum', 'belum', 'belum', 'default_profile.jpg'), ('14260258', '2014', '3', '20', 'Indra Hassanah', 'Indra', 'laki', 'Bau-Bau', '2008-02-22', 'Jr. Sumpah Pemuda No. 978, Semarang 82589, KalTeng', '081854582574', '', '', '', '', '', 'belum', 'belum', 'belum', 'default_profile.jpg'), ('14261283', '2014', '4', '21', 'Hadi Hastuti', 'Hadi', 'laki', 'Surakarta', '1978-12-07', 'Ds. Jend. A. Yani No. 398, Mataram 91614, KalUt', '085228677424', '', '', '', '', '', 'belum', 'belum', 'belum', 'default_profile.jpg'), ('14265994', '2014', '4', '22', 'Unjani Kuswandari', 'Unjani', 'perempuan', 'Banjar', '1987-02-14', 'Gg. Tubagus Ismail No. 984, Tanjung Pinang 90382, KalTim', '087228756561', '', '', '', '', '', 'belum', 'belum', 'belum', 'default_profile.jpg'), ('14267906', '2014', '5', '23', 'Unjani Uyainah', 'Unjani', 'perempuan', 'Singkawang', '2005-06-25', 'Ki. W.R. Supratman No. 119, Mojokerto 26761, Riau', '086851756060', '', '', '', '', '', 'belum', 'belum', 'belum', 'default_profile.jpg'), ('14281299', '2014', '5', '24', 'Arsipatra Widiastuti', 'Arsipatra', 'laki', 'Banjarbaru', '1970-09-13', 'Ds. Sumpah Pemuda No. 467, Pagar Alam 36010, SulTeng', '088432693244', '', '', '', '', '', 'belum', 'belum', 'belum', 'default_profile.jpg'), ('14292758', '2014', '6', '30', 'Ikhsan Winarsih', 'Ikhsan', 'laki', 'Malang', '2012-04-21', 'Ds. Yoga No. 469, Solok 46966, Lampung', '081175651389', '', '', '', '', '', 'belum', 'belum', 'belum', 'default_profile.jpg'), ('14299632', '2014', '6', '31', 'Vanya Rajata', 'Vanya', 'perempuan', 'Bengkulu', '2009-03-03', 'Ds. Siliwangi No. 609, Palangka Raya 25863, Banten', '086650931741', '', '', '', '', '', 'belum', 'belum', 'belum', 'default_profile.jpg'), ('14302120', '2014', '1', '32', 'Prayoga Nashiruddin', 'Prayoga', 'laki', 'Madiun', '2015-01-01', 'Ds. Abdul No. 136, Bandar Lampung 59959, SumUt', '088899735465', '', '', '', '', '', 'belum', 'belum', 'belum', 'default_profile.jpg'), ('14303342', '2014', '2', '33', 'Irsad Tarihoran', 'Irsad', 'laki', 'Bekasi', '1996-06-24', 'Gg. Jakarta No. 529, Tegal 43319, SulTra', '082350273152', '', '', '', '', '', 'belum', 'belum', 'belum', 'default_profile.jpg'), ('14312509', '2014', '3', '40', 'Ega Prasetyo', 'Ega', 'laki', 'Gunungsitoli', '1975-05-01', 'Jln. Laswi No. 445, Tomohon 65520, KalTeng', '085225377575', '', '', '', '', '', 'belum', 'belum', 'belum', 'default_profile.jpg'), ('14316864', '2014', '1', '41', 'Laila Yulianti', 'Laila', 'perempuan', 'Kotamobagu', '1974-06-21', 'Jr. K.H. Wahid Hasyim (Kopo) No. 789, Probolinggo 32609, Papua', '087355145074', '', '', '', '', '', 'belum', 'belum', 'belum', 'default_profile.jpg'), ('14318874', '2014', '2', '42', 'Kezia Sudiati', 'Kezia', 'perempuan', 'Bandar Lampung', '1998-03-23', 'Jln. Imam No. 547, Administrasi Jakarta Barat 93136, SulBar', '085185197357', '', '', '', '', '', 'belum', 'belum', 'belum', 'default_profile.jpg'), ('14320347', '2014', '3', '43', 'Rina Marbun', 'Rina', 'perempuan', 'Pagar Alam', '1999-07-03', 'Kpg. Kali No. 288, Singkawang 62644, Aceh', '085461754050', '', '', '', '', '', 'belum', 'belum', 'belum', 'default_profile.jpg'), ('14325672', '2014', '4', '44', 'Citra Nugroho', 'Citra', 'perempuan', 'Bekasi', '1986-02-10', 'Psr. Tangkuban Perahu No. 702, Pangkal Pinang 40170, Bengkulu', '087219342998', '', '', '', '', '', 'belum', 'belum', 'belum', 'default_profile.jpg'), ('14328697', '2014', '4', '50', 'Atmaja Thamrin', 'Atmaja', 'laki', 'Administrasi Jakarta Bara', '1980-06-02', 'Gg. Wahid Hasyim No. 203, Pematangsiantar 97183, Bali', '088187672873', '', '', '', '', '', 'belum', 'belum', 'belum', 'default_profile.jpg'), ('14337337', '2014', '5', '60', 'Gaduh Melani', 'Gaduh', 'laki', 'Pasuruan', '1982-09-08', 'Gg. Dr. Junjunan No. 935, Kotamobagu 89866, Riau', '082288321493', '', '', '', '', '', 'belum', 'belum', 'belum', 'default_profile.jpg'), ('14337354', '2014', '6', '61', 'Praba Sihombing', 'Praba', 'laki', 'Pasuruan', '1994-11-26', 'Jln. Agus Salim No. 277, Bukittinggi 88825, SulSel', '083199153881', '', '', '', '', '', 'belum', 'belum', 'belum', 'default_profile.jpg'), ('14342742', '2014', '1', '70', 'Radit Yolanda', 'Radit', 'laki', 'Kupang', '2008-06-10', 'Kpg. Abdul Rahmat No. 486, Kendari 31430, Banten', '085257577968', '', '', '', '', '', 'belum', 'belum', 'belum', 'default_profile.jpg'), ('14346758', '2014', '2', '71', 'Asmianto Firgantoro', 'Asmianto', 'laki', 'Serang', '2002-08-23', 'Gg. Thamrin No. 641, Tangerang 45385, KalUt', '084046163828', '', '', '', '', '', 'belum', 'belum', 'belum', 'default_profile.jpg'), ('14358552', '2014', '3', '72', 'Leo Situmorang', 'Leo', 'laki', 'Depok', '1997-01-07', 'Ds. Basuki Rahmat  No. 581, Blitar 33393, Aceh', '082173682083', '', '', '', '', '', 'belum', 'belum', 'belum', 'default_profile.jpg'), ('14359966', '2014', '5', '10', 'Oni Hartati', 'Oni', 'perempuan', 'Solok', '1985-10-24', 'Kpg. Ir. H. Juanda No. 5, Bogor 45978, DIY', '081264779239', '', '', '', '', '', 'belum', 'belum', 'belum', 'default_profile.jpg'), ('14380297', '2014', '6', '20', 'Putri Napitupulu', 'Putri', 'perempuan', 'Administrasi Jakarta Bara', '2000-09-16', 'Jr. Abdul Muis No. 704, Tanjungbalai 16976, Maluku', '086636941645', '', '', '', '', '', 'belum', 'belum', 'belum', 'default_profile.jpg'), ('14380361', '2014', '1', '21', 'Tira Mahendra', 'Tira', 'perempuan', 'Semarang', '1991-02-07', 'Ki. Setiabudhi No. 566, Sungai Penuh 43615, KepR', '081445631888', '', '', '', '', '', 'belum', 'belum', 'belum', 'default_profile.jpg'), ('14383782', '2014', '2', '22', 'Carla Suryono', 'Carla', 'perempuan', 'Metro', '2000-04-12', 'Dk. M.T. Haryono No. 927, Yogyakarta 46023, SulTra', '081422757523', '', '', '', '', '', 'belum', 'belum', 'belum', 'default_profile.jpg'), ('14399990', '2014', '4', '23', 'Pangestu Andriani', 'Pangestu', 'laki', 'Kotamobagu', '1997-11-13', 'Ki. Abdul Muis No. 183, Depok 71219, SulTra', '082163969040', '', '', '', '', '', 'belum', 'belum', 'belum', 'default_profile.jpg'), ('14400928', '2014', '5', '24', 'Wakiman Siregar', 'Wakiman', 'laki', 'Pasuruan', '1978-10-14', 'Kpg. Flora No. 303, Tarakan 85124, SulBar', '083514992377', '', '', '', '', '', 'belum', 'belum', 'belum', 'default_profile.jpg'), ('14404328', '2014', '3', '30', 'Nilam Handayani', 'Nilam', 'perempuan', 'Denpasar', '1989-04-08', 'Kpg. Dr. Junjunan No. 50, Bukittinggi 55351, BaBel', '083492989042', '', '', '', '', '', 'belum', 'belum', 'belum', 'default_profile.jpg'), ('14410546', '2014', '6', '31', 'Balijan Widiastuti', 'Balijan', 'laki', 'Jayapura', '2000-05-08', 'Ki. Basoka No. 367, Bandar Lampung 49042, KalTim', '084825866472', '', '', '', '', '', 'belum', 'belum', 'belum', 'default_profile.jpg'), ('14412045', '2014', '1', '32', 'Kenzie Mardhiyah', 'Kenzie', 'laki', 'Kendari', '2017-04-21', 'Jln. Padang No. 152, Tarakan 94501, Jambi', '086828425913', '', '', '', '', '', 'belum', 'belum', 'belum', 'default_profile.jpg'), ('14424853', '2014', '2', '33', 'Chandra Prasetyo', 'Chandra', 'laki', 'Pasuruan', '1972-04-29', 'Ds. Pasteur No. 838, Sorong 19336, Jambi', '081414793665', '', '', '', '', '', 'belum', 'belum', 'belum', 'default_profile.jpg'), ('14437035', '2014', '4', '40', 'Usyi Sudiati', 'Usyi', 'perempuan', 'Padang', '1984-04-27', 'Ds. Laksamana No. 840, Dumai 24099, Riau', '085866674316', '', '', '', '', '', 'belum', 'belum', 'belum', 'default_profile.jpg'), ('14438658', '2014', '3', '41', 'Harsaya Mahendra', 'Harsaya', 'laki', 'Mataram', '1971-06-01', 'Psr. Peta No. 896, Banjarmasin 69616, SumBar', '086044168447', '', '', '', '', '', 'belum', 'belum', 'belum', 'default_profile.jpg'), ('14445623', '2014', '5', '42', 'Olivia Novitasari', 'Olivia', 'perempuan', 'Ambon', '1981-03-09', 'Jln. Madiun No. 349, Makassar 47560, SumBar', '081975358321', '', '', '', '', '', 'belum', 'belum', 'belum', 'default_profile.jpg'), ('14460139', '2014', '4', '43', 'Niyaga Kusumo', 'Niyaga', 'laki', 'Cilegon', '2008-12-24', 'Gg. Samanhudi No. 365, Bekasi 36691, KepR', '081812371530', '', '', '', '', '', 'belum', 'belum', 'belum', 'default_profile.jpg'), ('14461807', '2014', '6', '44', 'Laila Santoso', 'Laila', 'perempuan', 'Gorontalo', '2006-12-30', 'Gg. Bagas Pati No. 19, Pekalongan 89085, SulSel', '085811381162', '', '', '', '', '', 'belum', 'belum', 'belum', 'default_profile.jpg'), ('14463324', '2014', '5', '50', 'Bakijan Thamrin', 'Bakijan', 'laki', 'Bontang', '1974-01-08', 'Dk. Reksoninten No. 56, Bandung 77946, Riau', '084398781169', '', '', '', '', '', 'belum', 'belum', 'belum', 'default_profile.jpg'), ('14464545', '2014', '6', '60', 'Prayitna Palastri', 'Prayitna', 'laki', 'Yogyakarta', '1988-01-11', 'Ds. Acordion No. 738, Singkawang 46848, SumBar', '083469168325', '', '', '', '', '', 'belum', 'belum', 'belum', 'default_profile.jpg'), ('14480288', '2014', '1', '61', 'Dian Tarihoran', 'Dian', 'perempuan', 'Sabang', '1998-08-08', 'Ds. Ters. Buah Batu No. 67, Gorontalo 34439, KalTeng', '088678897780', '', '', '', '', '', 'belum', 'belum', 'belum', 'default_profile.jpg'), ('14483709', '2014', '1', '70', 'Bala Haryanti', 'Bala', 'laki', 'Binjai', '1978-05-01', 'Gg. B.Agam Dlm No. 541, Metro 43675, NTT', '086036704185', '', '', '', '', '', 'belum', 'belum', 'belum', 'default_profile.jpg'), ('14483768', '2014', '2', '71', 'Putu Suartini', 'Putu', 'laki', 'Tomohon', '1977-06-22', 'Kpg. Bagonwoto  No. 549, Batam 95659, Bengkulu', '081428707687', '', '', '', '', '', 'belum', 'belum', 'belum', 'default_profile.jpg'), ('14484437', '2014', '2', '72', 'Zahra Yolanda', 'Zahra', 'perempuan', 'Bekasi', '2007-02-03', 'Jr. Sudiarto No. 771, Palembang 83799, DKI', '085715651886', '', '', '', '', '', 'belum', 'belum', 'belum', 'default_profile.jpg'), ('14484798', '2014', '3', '10', 'Septi Yulianti', 'Septi', 'perempuan', 'Pematangsiantar', '2007-02-08', 'Jr. Padma No. 66, Kediri 37771, KalTim', '086592616451', '', '', '', '', '', 'belum', 'belum', 'belum', 'default_profile.jpg'), ('14486150', '2014', '3', '20', 'Hendra Pradipta', 'Hendra', 'laki', 'Cilegon', '2014-05-06', 'Dk. Jagakarsa No. 860, Gorontalo 31419, Papua', '084523439564', '', '', '', '', '', 'belum', 'belum', 'belum', 'default_profile.jpg'), ('14486186', '2014', '4', '21', 'Nyoman Purnawati', 'Nyoman', 'laki', 'Administrasi Jakarta Timu', '2013-10-31', 'Dk. Barasak No. 758, Pontianak 28526, SulTra', '084578492268', '', '', '', '', '', 'belum', 'belum', 'belum', 'default_profile.jpg'), ('14487019', '2014', '4', '22', 'Gabriella Nasyiah', 'Gabriella', 'perempuan', 'Bogor', '1977-09-06', 'Dk. Sudiarto No. 692, Pontianak 52501, Maluku', '087021736621', '', '', '', '', '', 'belum', 'belum', 'belum', 'default_profile.jpg'), ('14500764', '2014', '5', '23', 'Zalindra Dabukke', 'Zalindra', 'perempuan', 'Prabumulih', '1983-03-11', 'Gg. Bakau Griya Utama No. 342, Padang 34545, Bengkulu', '088061254228', '', '', '', '', '', 'belum', 'belum', 'belum', 'default_profile.jpg'), ('14506257', '2014', '5', '24', 'Danang Natsir', 'Danang', 'laki', 'Kupang', '1985-11-15', 'Ds. Wahidin Sudirohusodo No. 39, Sukabumi 61558, NTT', '086022407273', '', '', '', '', '', 'belum', 'belum', 'belum', 'default_profile.jpg'), ('14508837', '2014', '6', '30', 'Ika Rahimah', 'Ika', 'perempuan', 'Parepare', '2018-02-20', 'Ki. Diponegoro No. 102, Malang 31212, PapBar', '084719309037', '', '', '', '', '', 'belum', 'belum', 'belum', 'default_profile.jpg'), ('14509099', '2014', '1', '31', 'Cici Wahyuni', 'Cici', 'perempuan', 'Kediri', '2018-03-29', 'Psr. Panjaitan No. 195, Kediri 84297, SumUt', '082379542798', '', '', '', '', '', 'belum', 'belum', 'belum', 'default_profile.jpg'), ('14513575', '2014', '6', '32', 'Hasta Maheswara', 'Hasta', 'laki', 'Langsa', '2008-05-02', 'Jln. Bahagia  No. 435, Malang 71390, Bengkulu', '084532463257', '', '', '', '', '', 'belum', 'belum', 'belum', 'default_profile.jpg'), ('14526114', '2014', '1', '33', 'Mursita Astuti', 'Mursita', 'laki', 'Tanjung Pinang', '1989-09-07', 'Jln. Elang No. 860, Pasuruan 42878, Aceh', '088522444757', '', '', '', '', '', 'belum', 'belum', 'belum', 'default_profile.jpg'), ('14527000', '2014', '2', '40', 'Karen Mardhiyah', 'Karen', 'perempuan', 'Probolinggo', '1986-09-26', 'Jln. Pasteur No. 538, Bau-Bau 30657, Lampung', '082285698272', '', '', '', '', '', 'belum', 'belum', 'belum', 'default_profile.jpg'), ('14531374', '2014', '3', '41', 'Mila Tarihoran', 'Mila', 'perempuan', 'Jayapura', '2002-01-01', 'Dk. Gotong Royong No. 427, Tual 27936, SumUt', '085841728258', '', '', '', '', '', 'belum', 'belum', 'belum', 'default_profile.jpg'), ('14534801', '2014', '4', '42', 'Zalindra Wahyuni', 'Zalindra', 'perempuan', 'Bogor', '1998-01-06', 'Gg. Qrisdoren No. 859, Bontang 27637, Gorontalo', '087038832687', '', '', '', '', '', 'belum', 'belum', 'belum', 'default_profile.jpg'), ('14535794', '2014', '5', '43', 'Rahmi Prasetya', 'Rahmi', 'perempuan', 'Probolinggo', '1979-06-21', 'Ki. Bhayangkara No. 846, Pariaman 44505, MalUt', '084240178472', '', '', '', '', '', 'belum', 'belum', 'belum', 'default_profile.jpg'), ('14541924', '2014', '2', '44', 'Damar Rajasa', 'Damar', 'laki', 'Bukittinggi', '1970-10-05', 'Dk. Basuki Rahmat  No. 453, Subulussalam 37069, Bengkulu', '088014802592', '', '', '', '', '', 'belum', 'belum', 'belum', 'default_profile.jpg'), ('14548278', '2014', '3', '50', 'Estiono Firmansyah', 'Estiono', 'laki', 'Pekanbaru', '1977-01-25', 'Ki. Abdul Rahmat No. 923, Bitung 79855, Maluku', '082749268871', '', '', '', '', '', 'belum', 'belum', 'belum', 'default_profile.jpg');
INSERT INTO `t_mahasiswa` VALUES ('14553224', '2014', '6', '60', 'Laras Tamba', 'Laras', 'perempuan', 'Kupang', '1972-06-07', 'Dk. Kyai Gede No. 349, Pekalongan 37014, Riau', '081944849569', '', '', '', '', '', 'belum', 'belum', 'belum', 'default_profile.jpg'), ('14553353', '2014', '4', '61', 'Drajat Pertiwi', 'Drajat', 'laki', 'Sawahlunto', '1984-11-01', 'Kpg. Bakti No. 818, Ambon 76084, SulTeng', '088533351960', '', '', '', '', '', 'belum', 'belum', 'belum', 'default_profile.jpg'), ('14553798', '2014', '5', '70', 'Rusman Pangestu', 'Rusman', 'laki', 'Mojokerto', '1980-02-23', 'Gg. Surapati No. 176, Cimahi 36754, Aceh', '084997832312', '', '', '', '', '', 'belum', 'belum', 'belum', 'default_profile.jpg'), ('14555704', '2014', '1', '71', 'Ratih Pertiwi', 'Ratih', 'perempuan', 'Bengkulu', '1999-03-09', 'Ki. HOS. Cjokroaminoto (Pasirkaliki) No. 825, Kotamobagu 11666, Lampung', '082823936278', '', '', '', '', '', 'belum', 'belum', 'belum', 'default_profile.jpg'), ('14559785', '2014', '6', '72', 'Nyana Waskita', 'Nyana', 'laki', 'Serang', '1980-10-08', 'Psr. Raden Saleh No. 501, Pariaman 41754, Maluku', '084914647654', '', '', '', '', '', 'belum', 'belum', 'belum', 'default_profile.jpg'), ('14563216', '2014', '2', '10', 'Farah Palastri', 'Farah', 'perempuan', 'Ambon', '1977-06-29', 'Psr. Dahlia No. 485, Salatiga 29991, BaBel', '087766676315', '', '', '', '', '', 'belum', 'belum', 'belum', 'default_profile.jpg'), ('14569233', '2014', '3', '20', 'Hesti Widiastuti', 'Hesti', 'perempuan', 'Kendari', '1977-07-13', 'Ki. Baing No. 671, Makassar 67004, Maluku', '086549646841', '', '', '', '', '', 'belum', 'belum', 'belum', 'default_profile.jpg'), ('14569646', '2014', '4', '21', 'Maya Utami', 'Maya', 'perempuan', 'Padangpanjang', '1978-10-26', 'Jr. Abdullah No. 647, Bengkulu 56520, PapBar', '081192542562', '', '', '', '', '', 'belum', 'belum', 'belum', 'default_profile.jpg'), ('14570880', '2014', '1', '22', 'Purwadi Maheswara', 'Purwadi', 'laki', 'Magelang', '2006-10-20', 'Gg. Bakit  No. 242, Mojokerto 78491, KalTim', '082139815594', '', '', '', '', '', 'belum', 'belum', 'belum', 'default_profile.jpg'), ('14578022', '2014', '2', '23', 'Kamal Suryono', 'Kamal', 'laki', 'Bima', '1975-12-17', 'Ki. Bambu No. 662, Cirebon 11233, JaBar', '087242332511', '', '', '', '', '', 'belum', 'belum', 'belum', 'default_profile.jpg'), ('14579788', '2014', '3', '24', 'Atma Situmorang', 'Atma', 'laki', 'Gunungsitoli', '2005-07-08', 'Kpg. Gegerkalong Hilir No. 472, Banjarbaru 57428, JaTeng', '087899823937', '', '', '', '', '', 'belum', 'belum', 'belum', 'default_profile.jpg'), ('14585774', '2014', '4', '30', 'Cengkal Wijayanti', 'Cengkal', 'laki', 'Mataram', '2001-11-04', 'Ds. Flores No. 528, Sungai Penuh 53004, JaTim', '082293121866', '', '', '', '', '', 'belum', 'belum', 'belum', 'default_profile.jpg'), ('14589975', '2014', '5', '31', 'Satya Latupono', 'Satya', 'laki', 'Kendari', '1996-07-26', 'Gg. Abang No. 681, Samarinda 71518, DIY', '088285143366', '', '', '', '', '', 'belum', 'belum', 'belum', 'default_profile.jpg'), ('14591597', '2014', '5', '32', 'Nadine Jailani', 'Nadine', 'perempuan', 'Pekanbaru', '2007-11-10', 'Dk. Dago No. 849, Tebing Tinggi 32543, Banten', '081455617189', '', '', '', '', '', 'belum', 'belum', 'belum', 'default_profile.jpg'), ('14595777', '2014', '6', '33', 'Tira Winarsih', 'Tira', 'perempuan', 'Yogyakarta', '1976-08-16', 'Jr. Badak No. 204, Cimahi 35715, Gorontalo', '083796942512', '', '', '', '', '', 'belum', 'belum', 'belum', 'default_profile.jpg'), ('14601143', '2014', '1', '40', 'Winda Thamrin', 'Winda', 'perempuan', 'Samarinda', '1993-07-08', 'Ki. Siliwangi No. 187, Bengkulu 13028, Gorontalo', '082624496942', '', '', '', '', '', 'belum', 'belum', 'belum', 'default_profile.jpg'), ('14609536', '2014', '6', '41', 'Jarwa Wijaya', 'Jarwa', 'laki', 'Mataram', '2007-11-26', 'Kpg. Bawal No. 72, Jayapura 48249, SumBar', '083815747656', '', '', '', '', '', 'belum', 'belum', 'belum', 'default_profile.jpg'), ('14622219', '2014', '2', '42', 'Puput Pradipta', 'Puput', 'perempuan', 'Tegal', '2001-10-23', 'Jln. Jamika No. 718, Blitar 63360, JaTim', '083335307649', '', '', '', '', '', 'belum', 'belum', 'belum', 'default_profile.jpg'), ('14624410', '2014', '3', '43', 'Yuni Nasyidah', 'Yuni', 'perempuan', 'Batam', '2004-12-16', 'Psr. Babah No. 204, Samarinda 60436, KalSel', '086887975214', '', '', '', '', '', 'belum', 'belum', 'belum', 'default_profile.jpg'), ('14626479', '2014', '1', '44', 'Prima Rahmawati', 'Prima', 'laki', 'Solok', '2017-07-07', 'Jln. Rajawali Timur No. 408, Administrasi Jakarta Pusat 59886, DKI', '087796696399', '', '', '', '', '', 'belum', 'belum', 'belum', 'default_profile.jpg'), ('14633310', '2014', '4', '50', 'Eva Kurniawan', 'Eva', 'perempuan', 'Tarakan', '2016-04-06', 'Psr. Baranang No. 693, Blitar 41937, KalUt', '085392555043', '', '', '', '', '', 'belum', 'belum', 'belum', 'default_profile.jpg'), ('14633870', '2014', '2', '60', 'Gadang Zulaika', 'Gadang', 'laki', 'Subulussalam', '1987-12-06', 'Ds. Monginsidi No. 82, Probolinggo 43159, KalSel', '087991366075', '', '', '', '', '', 'belum', 'belum', 'belum', 'default_profile.jpg'), ('14636354', '2014', '3', '61', 'Gada Melani', 'Gada', 'laki', 'Kotamobagu', '1983-06-13', 'Ki. Wahid Hasyim No. 107, Bandung 28255, DKI', '083657449637', '', '', '', '', '', 'belum', 'belum', 'belum', 'default_profile.jpg'), ('14636384', '2014', '4', '70', 'Dartono Iswahyudi', 'Dartono', 'laki', 'Sawahlunto', '2006-12-24', 'Ds. Salatiga No. 441, Samarinda 60354, Riau', '081335825877', '', '', '', '', '', 'belum', 'belum', 'belum', 'default_profile.jpg'), ('14638187', '2014', '5', '71', 'Karman Wijaya', 'Karman', 'laki', 'Bukittinggi', '2006-10-11', 'Ki. Bara Tambar No. 198, Palembang 40277, SulUt', '086719655891', '', '', '', '', '', 'belum', 'belum', 'belum', 'default_profile.jpg'), ('14644686', '2014', '5', '72', 'Calista Lestari', 'Calista', 'perempuan', 'Kotamobagu', '1993-03-23', 'Jr. B.Agam Dlm No. 257, Serang 69592, KalBar', '085932962285', '', '', '', '', '', 'belum', 'belum', 'belum', 'default_profile.jpg'), ('14650741', '2014', '6', '10', 'Irwan Waluyo', 'Irwan', 'laki', 'Kediri', '2017-04-03', 'Ki. Wahid Hasyim No. 666, Pekalongan 42509, KalBar', '085030977039', '', '', '', '', '', 'belum', 'belum', 'belum', 'default_profile.jpg'), ('14652162', '2014', '1', '20', 'Rama Padmasari', 'Rama', 'laki', 'Manado', '2013-04-11', 'Gg. Astana Anyar No. 917, Kotamobagu 92526, KalTim', '088151383418', '', '', '', '', '', 'belum', 'belum', 'belum', 'default_profile.jpg'), ('14666908', '2014', '2', '21', 'Abyasa Setiawan', 'Abyasa', 'laki', 'Binjai', '2014-04-05', 'Jln. Bah Jaya No. 605, Tidore Kepulauan 72377, SulUt', '083649733029', '', '', '', '', '', 'belum', 'belum', 'belum', 'default_profile.jpg'), ('14669263', '2014', '6', '22', 'Nurul Mayasari', 'Nurul', 'perempuan', 'Ternate', '2000-09-25', 'Dk. Sukajadi No. 171, Sukabumi 57071, NTB', '086159698677', '', '', '', '', '', 'belum', 'belum', 'belum', 'default_profile.jpg'), ('14671037', '2014', '3', '23', 'Saadat Permata', 'Saadat', 'laki', 'Medan', '2008-06-23', 'Psr. Pasirkoja No. 671, Gunungsitoli 81812, SumSel', '084480409837', '', '', '', '', '', 'belum', 'belum', 'belum', 'default_profile.jpg'), ('14676763', '2014', '1', '24', 'Zulfa Hutasoit', 'Zulfa', 'perempuan', 'Solok', '1995-06-28', 'Dk. Siliwangi No. 911, Palu 87292, Bengkulu', '087925428957', '', '', '', '', '', 'belum', 'belum', 'belum', 'default_profile.jpg'), ('14683496', '2014', '4', '30', 'Ade Pradipta', 'Ade', 'laki', 'Metro', '1989-11-25', 'Jr. Bahagia  No. 636, Manado 46317, KalTim', '084054309887', '', '', '', '', '', 'belum', 'belum', 'belum', 'default_profile.jpg'), ('14688430', '2014', '2', '31', 'Hesti Simanjuntak', 'Hesti', 'perempuan', 'Palangka Raya', '1984-12-17', 'Dk. Camar No. 427, Bogor 50811, Jambi', '088817627086', '', '', '', '', '', 'belum', 'belum', 'belum', 'default_profile.jpg'), ('14691048', '2014', '3', '32', 'Farhunnisa Mardhiyah', 'Farhunnisa', 'perempuan', 'Tangerang Selatan', '1991-01-18', 'Kpg. Sudirman No. 77, Administrasi Jakarta Timur 98806, Maluku', '088142645795', '', '', '', '', '', 'belum', 'belum', 'belum', 'default_profile.jpg'), ('14702447', '2014', '5', '33', 'Umar Mangunsong', 'Umar', 'laki', 'Administrasi Jakarta Utar', '2002-10-01', 'Ki. Ters. Buah Batu No. 569, Bekasi 43270, SulBar', '087539143358', '', '', '', '', '', 'belum', 'belum', 'belum', 'default_profile.jpg'), ('14717544', '2014', '6', '40', 'Ibun Nuraini', 'Ibun', 'laki', 'Bengkulu', '1983-09-05', 'Ki. Pasteur No. 193, Serang 76732, SumUt', '088084716677', '', '', '', '', '', 'belum', 'belum', 'belum', 'default_profile.jpg'), ('14718768', '2014', '1', '41', 'Galih Nuraini', 'Galih', 'laki', 'Batam', '2010-02-05', 'Gg. Kyai Mojo No. 775, Bandar Lampung 90880, SulSel', '087825202156', '', '', '', '', '', 'belum', 'belum', 'belum', 'default_profile.jpg'), ('14718821', '2014', '4', '42', 'Shakila Mulyani', 'Shakila', 'perempuan', 'Parepare', '1975-11-01', 'Gg. Wahidin No. 240, Tangerang 88474, KalSel', '087242254863', '', '', '', '', '', 'belum', 'belum', 'belum', 'default_profile.jpg'), ('14720444', '2014', '5', '43', 'Hilda Siregar', 'Hilda', 'perempuan', 'Bitung', '1987-01-04', 'Psr. Imam Bonjol No. 992, Pematangsiantar 40596, PapBar', '087621181168', '', '', '', '', '', 'belum', 'belum', 'belum', 'default_profile.jpg'), ('14725912', '2014', '6', '44', 'Diah Tarihoran', 'Diah', 'perempuan', 'Tangerang Selatan', '1991-06-09', 'Ki. Kyai Gede No. 671, Mataram 62350, SumUt', '081312806191', '', '', '', '', '', 'belum', 'belum', 'belum', 'default_profile.jpg'), ('14736880', '2014', '1', '50', 'Sarah Megantara', 'Sarah', 'perempuan', 'Palu', '2000-02-24', 'Ki. Bambu No. 582, Tarakan 85879, Aceh', '082046616114', '', '', '', '', '', 'belum', 'belum', 'belum', 'default_profile.jpg'), ('14738538', '2014', '2', '60', 'Agnes Lestari', 'Agnes', 'perempuan', 'Kupang', '2015-10-01', 'Psr. Kalimantan No. 621, Bitung 92784, Papua', '087466711295', '', '', '', '', '', 'belum', 'belum', 'belum', 'default_profile.jpg'), ('14740742', '2014', '2', '61', 'Mahfud Novitasari', 'Mahfud', 'laki', 'Tidore Kepulauan', '1972-07-02', 'Jr. Katamso No. 340, Palangka Raya 79358, SulSel', '081520952892', '', '', '', '', '', 'belum', 'belum', 'belum', 'default_profile.jpg'), ('14750830', '2014', '3', '70', 'Rahmat Saefullah', 'Rahmat', 'laki', 'Serang', '1980-01-22', 'Gg. Babadan No. 644, Gorontalo 48150, Aceh', '081350472937', '', '', '', '', '', 'belum', 'belum', 'belum', 'default_profile.jpg'), ('14752702', '2014', '3', '71', 'Halima Rahimah', 'Halima', 'perempuan', 'Administrasi Jakarta Bara', '2017-09-02', 'Ds. Baladewa No. 897, Tegal 15196, SulBar', '086965899272', '', '', '', '', '', 'belum', 'belum', 'belum', 'default_profile.jpg'), ('14754338', '2014', '4', '72', 'Gaduh Januar', 'Gaduh', 'laki', 'Payakumbuh', '1973-09-19', 'Ds. Yoga No. 386, Prabumulih 21890, JaTeng', '088535784487', '', '', '', '', '', 'belum', 'belum', 'belum', 'default_profile.jpg'), ('14756016', '2014', '4', '10', 'Yance Firmansyah', 'Yance', 'perempuan', 'Administrasi Jakarta Pusa', '1996-07-25', 'Gg. Kalimalang No. 363, Palangka Raya 34608, DIY', '084243789383', '', '', '', '', '', 'belum', 'belum', 'belum', 'default_profile.jpg'), ('14756607', '2014', '5', '20', 'Gawati Pratiwi', 'Gawati', 'perempuan', 'Jambi', '1974-12-30', 'Jr. Babakan No. 261, Kediri 71918, Banten', '085371778933', '', '', '', '', '', 'belum', 'belum', 'belum', 'default_profile.jpg'), ('14760726', '2014', '6', '21', 'Anita Rajata', 'Anita', 'perempuan', 'Pangkal Pinang', '1977-08-21', 'Ki. Ahmad Dahlan No. 735, Bukittinggi 38446, SulBar', '088014535545', '', '', '', '', '', 'belum', 'belum', 'belum', 'default_profile.jpg'), ('14762178', '2014', '1', '22', 'Putri Lestari', 'Putri', 'perempuan', 'Bitung', '2006-11-05', 'Dk. Urip Sumoharjo No. 106, Tangerang Selatan 51668, Riau', '085670475748', '', '', '', '', '', 'belum', 'belum', 'belum', 'default_profile.jpg'), ('14765623', '2014', '2', '23', 'Sabrina Astuti', 'Sabrina', 'perempuan', 'Denpasar', '1991-09-24', 'Jr. Cemara No. 918, Banjar 93057, Jambi', '085739689470', '', '', '', '', '', 'belum', 'belum', 'belum', 'default_profile.jpg'), ('14772266', '2014', '3', '24', 'Karimah Prasetya', 'Karimah', 'perempuan', 'Palopo', '2002-06-09', 'Kpg. Dewi Sartika No. 917, Medan 14677, SulUt', '086158539525', '', '', '', '', '', 'belum', 'belum', 'belum', 'default_profile.jpg'), ('14772913', '2014', '5', '30', 'Lanjar Padmasari', 'Lanjar', 'laki', 'Palangka Raya', '1982-11-11', 'Psr. Basudewo No. 412, Prabumulih 54909, Lampung', '087342149697', '', '', '', '', '', 'belum', 'belum', 'belum', 'default_profile.jpg'), ('14777378', '2014', '6', '31', 'Aris Budiyanto', 'Aris', 'laki', 'Bau-Bau', '1999-08-27', 'Dk. Pattimura No. 686, Salatiga 40877, Aceh', '086243551244', '', '', '', '', '', 'belum', 'belum', 'belum', 'default_profile.jpg'), ('14793119', '2014', '4', '32', 'Cornelia Winarsih', 'Cornelia', 'perempuan', 'Bogor', '1971-09-17', 'Jln. HOS. Cjokroaminoto (Pasirkaliki) No. 273, Probolinggo 62029, BaBel', '082335664945', '', '', '', '', '', 'belum', 'belum', 'belum', 'default_profile.jpg'), ('14793371', '2014', '5', '33', 'Ciaobella Pradipta', 'Ciaobella', 'perempuan', 'Mataram', '2009-04-05', 'Ds. Abdul No. 860, Lhokseumawe 77738, DIY', '082958962034', '', '', '', '', '', 'belum', 'belum', 'belum', 'default_profile.jpg'), ('14796786', '2014', '1', '40', 'Satya Hutapea', 'Satya', 'laki', 'Padangsidempuan', '2011-03-13', 'Gg. Nanas No. 880, Balikpapan 31694, Maluku', '087253326094', '', '', '', '', '', 'belum', 'belum', 'belum', 'default_profile.jpg'), ('14797179', '2014', '6', '41', 'Titin Maryadi', 'Titin', 'perempuan', 'Bima', '1984-07-21', 'Ds. Katamso No. 742, Malang 51782, Bali', '087876129972', '', '', '', '', '', 'belum', 'belum', 'belum', 'default_profile.jpg'), ('14814855', '2014', '2', '42', 'Kurnia Laksita', 'Kurnia', 'laki', 'Bukittinggi', '2001-11-16', 'Kpg. Abdul No. 306, Pasuruan 84420, NTB', '083346687664', '', '', '', '', '', 'belum', 'belum', 'belum', 'default_profile.jpg'), ('14817806', '2014', '3', '43', 'Omar Astuti', 'Omar', 'laki', 'Madiun', '2002-09-09', 'Jr. Qrisdoren No. 41, Parepare 86194, Bali', '085582245812', '', '', '', '', '', 'belum', 'belum', 'belum', 'default_profile.jpg'), ('14829875', '2014', '1', '44', 'Titi Prasetya', 'Titi', 'perempuan', 'Parepare', '1999-07-06', 'Gg. Sutarjo No. 213, Administrasi Jakarta Selatan 97649, NTT', '083223733272', '', '', '', '', '', 'belum', 'belum', 'belum', 'default_profile.jpg'), ('14834714', '2014', '2', '50', 'Irma Mulyani', 'Irma', 'perempuan', 'Tasikmalaya', '1999-12-29', 'Kpg. Bazuka Raya No. 762, Bogor 70214, BaBel', '082762215362', '', '', '', '', '', 'belum', 'belum', 'belum', 'default_profile.jpg'), ('14834918', '2014', '4', '60', 'Prakosa Sudiati', 'Prakosa', 'laki', 'Magelang', '1970-01-16', 'Ki. Kali No. 70, Cilegon 58331, SulUt', '082131906826', '', '', '', '', '', 'belum', 'belum', 'belum', 'default_profile.jpg'), ('14837950', '2014', '3', '61', 'Cornelia Januar', 'Cornelia', 'perempuan', 'Bandar Lampung', '1974-09-05', 'Kpg. Krakatau No. 848, Mataram 41601, Maluku', '084759475894', '', '', '', '', '', 'belum', 'belum', 'belum', 'default_profile.jpg'), ('14838336', '2014', '5', '70', 'Emas Hutagalung', 'Emas', 'laki', 'Banjarmasin', '1975-10-10', 'Jln. Veteran No. 921, Pekalongan 58902, Banten', '088756922080', '', '', '', '', '', 'belum', 'belum', 'belum', 'default_profile.jpg'), ('14840377', '2014', '6', '71', 'Nrima Mayasari', 'Nrima', 'laki', 'Depok', '1982-11-08', 'Ki. B.Agam Dlm No. 154, Manado 27613, JaTim', '082614846561', '', '', '', '', '', 'belum', 'belum', 'belum', 'default_profile.jpg'), ('14846128', '2014', '4', '72', 'Puji Hutapea', 'Puji', 'perempuan', 'Serang', '2017-05-10', 'Psr. Gremet No. 772, Sungai Penuh 77942, PapBar', '087148927755', '', '', '', '', '', 'belum', 'belum', 'belum', 'default_profile.jpg'), ('14846351', '2014', '5', '10', 'Tira Yuliarti', 'Tira', 'perempuan', 'Serang', '2008-08-19', 'Kpg. Nanas No. 390, Blitar 16534, KalUt', '086296491479', '', '', '', '', '', 'belum', 'belum', 'belum', 'default_profile.jpg'), ('14854596', '2014', '6', '20', 'Zizi Nashiruddin', 'Zizi', 'perempuan', 'Manado', '2010-10-07', 'Jln. Bhayangkara No. 689, Bekasi 24234, SumSel', '082782443452', '', '', '', '', '', 'belum', 'belum', 'belum', 'default_profile.jpg'), ('14856316', '2014', '1', '21', 'Prakosa Firmansyah', 'Prakosa', 'laki', 'Samarinda', '1976-04-26', 'Ds. Rajawali No. 901, Banjar 19663, JaBar', '082291138395', '', '', '', '', '', 'belum', 'belum', 'belum', 'default_profile.jpg'), ('14864324', '2014', '2', '22', 'Daruna Anggriawan', 'Daruna', 'laki', 'Binjai', '1999-09-18', 'Kpg. Abdul No. 804, Tanjung Pinang 66542, PapBar', '084272695899', '', '', '', '', '', 'belum', 'belum', 'belum', 'default_profile.jpg'), ('14867209', '2014', '1', '23', 'Eka Wulandari', 'Eka', 'perempuan', 'Padang', '1981-11-10', 'Ki. Reksoninten No. 14, Subulussalam 53149, Gorontalo', '088358363243', '', '', '', '', '', 'belum', 'belum', 'belum', 'default_profile.jpg'), ('14869523', '2014', '3', '24', 'Yahya Sitompul', 'Yahya', 'laki', 'Jayapura', '2015-02-13', 'Ds. Bagonwoto  No. 347, Batam 58245, Riau', '086316665173', '', '', '', '', '', 'belum', 'belum', 'belum', 'default_profile.jpg'), ('14872097', '2014', '2', '30', 'Elvina Hardiansyah', 'Elvina', 'perempuan', 'Banjar', '2009-09-07', 'Kpg. Baan No. 773, Kediri 68471, SumSel', '081874598471', '', '', '', '', '', 'belum', 'belum', 'belum', 'default_profile.jpg'), ('14876211', '2014', '3', '31', 'Lintang Mandasari', 'Lintang', 'perempuan', 'Metro', '1975-04-04', 'Dk. Laksamana No. 719, Banjarmasin 49689, Riau', '088145707787', '', '', '', '', '', 'belum', 'belum', 'belum', 'default_profile.jpg'), ('14887529', '2014', '4', '32', 'Balapati Safitri', 'Balapati', 'laki', 'Palu', '1976-01-28', 'Ds. Cut Nyak Dien No. 235, Palopo 46409, KalTim', '086325329716', '', '', '', '', '', 'belum', 'belum', 'belum', 'default_profile.jpg'), ('14891637', '2014', '4', '33', 'Farah Yuniar', 'Farah', 'perempuan', 'Sungai Penuh', '2004-12-10', 'Kpg. Bazuka Raya No. 706, Tomohon 30444, Lampung', '088698279663', '', '', '', '', '', 'belum', 'belum', 'belum', 'default_profile.jpg'), ('14906044', '2014', '5', '40', 'Luwes Sirait', 'Luwes', 'laki', 'Sabang', '2000-06-29', 'Kpg. Diponegoro No. 876, Ternate 91278, DKI', '087220384162', '', '', '', '', '', 'belum', 'belum', 'belum', 'default_profile.jpg'), ('14907572', '2014', '5', '41', 'Suci Laksita', 'Suci', 'perempuan', 'Sungai Penuh', '1973-09-29', 'Gg. R.E. Martadinata No. 496, Administrasi Jakarta Barat 89618, SulBar', '088346714167', '', '', '', '', '', 'belum', 'belum', 'belum', 'default_profile.jpg'), ('14911578', '2014', '6', '42', 'Rendy Haryanto', 'Rendy', 'laki', 'Depok', '2015-02-09', 'Jr. Hasanuddin No. 185, Banda Aceh 40951, SulUt', '085650668077', '', '', '', '', '', 'belum', 'belum', 'belum', 'default_profile.jpg'), ('14920434', '2014', '1', '43', 'Rahman Halimah', 'Rahman', 'laki', 'Batu', '1993-09-12', 'Kpg. Jayawijaya No. 211, Banjar 91214, KalSel', '085054982226', '', '', '', '', '', 'belum', 'belum', 'belum', 'default_profile.jpg'), ('14927656', '2014', '6', '44', 'Padmi Suryatmi', 'Padmi', 'perempuan', 'Cirebon', '1998-10-19', 'Gg. Siliwangi No. 163, Manado 36107, SumBar', '085839598950', '', '', '', '', '', 'belum', 'belum', 'belum', 'default_profile.jpg'), ('14934008', '2014', '1', '50', 'Latika Sitorus', 'Latika', 'perempuan', 'Padangsidempuan', '2000-05-29', 'Jln. Banal No. 721, Sungai Penuh 95718, KepR', '084675304863', '', '', '', '', '', 'belum', 'belum', 'belum', 'default_profile.jpg'), ('14937507', '2014', '2', '60', 'Dalima Laksita', 'Dalima', 'perempuan', 'Samarinda', '1975-08-01', 'Ki. Setiabudhi No. 121, Sawahlunto 91236, NTB', '083517337279', '', '', '', '', '', 'belum', 'belum', 'belum', 'default_profile.jpg'), ('14940160', '2014', '2', '61', 'Lanang Laksita', 'Lanang', 'laki', 'Blitar', '2000-07-26', 'Jln. Bakhita No. 669, Pontianak 84327, Maluku', '084369142187', '', '', '', '', '', 'belum', 'belum', 'belum', 'default_profile.jpg'), ('14942486', '2014', '3', '70', 'Nyana Pertiwi', 'Nyana', 'laki', 'Solok', '1996-02-08', 'Gg. Bambon No. 953, Surakarta 79548, PapBar', '085977386342', '', '', '', '', '', 'belum', 'belum', 'belum', 'default_profile.jpg'), ('14944583', '2014', '4', '71', 'Prakosa Kusumo', 'Prakosa', 'laki', 'Bitung', '1992-04-17', 'Gg. Agus Salim No. 487, Bandar Lampung 23010, KepR', '086741903025', '', '', '', '', '', 'belum', 'belum', 'belum', 'default_profile.jpg'), ('14948653', '2014', '5', '72', 'Cawisadi Lailasari', 'Cawisadi', 'laki', 'Sabang', '1986-05-25', 'Dk. Suharso No. 490, Pematangsiantar 87145, Gorontalo', '082263969965', '', '', '', '', '', 'belum', 'belum', 'belum', 'default_profile.jpg'), ('14948819', '2014', '6', '10', 'Teguh Siregar', 'Teguh', 'laki', 'Padangpanjang', '1977-02-13', 'Jln. Tambak No. 571, Tebing Tinggi 98054, Bengkulu', '086583193220', '', '', '', '', '', 'belum', 'belum', 'belum', 'default_profile.jpg'), ('14959129', '2014', '3', '20', 'Ratih Laksita', 'Ratih', 'perempuan', 'Prabumulih', '1994-04-23', 'Ds. Basuki No. 184, Magelang 28180, DIY', '087530446038', '', '', '', '', '', 'belum', 'belum', 'belum', 'default_profile.jpg'), ('14971537', '2014', '4', '21', 'Pia Latupono', 'Pia', 'perempuan', 'Salatiga', '1998-07-09', 'Jr. Babadan No. 777, Subulussalam 73777, Lampung', '081967956028', '', '', '', '', '', 'belum', 'belum', 'belum', 'default_profile.jpg'), ('14973498', '2014', '5', '22', 'Dina Pratiwi', 'Dina', 'perempuan', 'Madiun', '2007-02-08', 'Psr. Panjaitan No. 535, Yogyakarta 50318, Bali', '087047193037', '', '', '', '', '', 'belum', 'belum', 'belum', 'default_profile.jpg'), ('14973661', '2014', '1', '23', 'Martaka Widiastuti', 'Martaka', 'laki', 'Malang', '2016-05-16', 'Jr. Cihampelas No. 275, Balikpapan 73678, KalBar', '085174434538', '', '', '', '', '', 'belum', 'belum', 'belum', 'default_profile.jpg'), ('14986850', '2014', '2', '24', 'Dimas Nainggolan', 'Dimas', 'laki', 'Palembang', '1977-01-26', 'Jr. Cut Nyak Dien No. 373, Mataram 17707, NTB', '084692259863', '', '', '', '', '', 'belum', 'belum', 'belum', 'default_profile.jpg'), ('14987678', '2014', '6', '30', 'Ulya Usada', 'Ulya', 'perempuan', 'Serang', '2014-01-16', 'Ki. Cemara No. 437, Sabang 99660, NTT', '082632842475', '', '', '', '', '', 'belum', 'belum', 'belum', 'default_profile.jpg'), ('14992830', '2014', '1', '31', 'Kiandra Novitasari', 'Kiandra', 'perempuan', 'Tidore Kepulauan', '1977-04-04', 'Jr. K.H. Maskur No. 158, Blitar 77313, KalBar', '085140742634', '', '', '', '', '', 'belum', 'belum', 'belum', 'default_profile.jpg'), ('14993253', '2014', '3', '32', 'Aris Uyainah', 'Aris', 'laki', 'Administrasi Jakarta Utar', '1986-01-18', 'Psr. Barasak No. 879, Bukittinggi 62556, BaBel', '082122516089', '', '', '', '', '', 'belum', 'belum', 'belum', 'default_profile.jpg'), ('14993398', '2014', '4', '33', 'Marwata Anggraini', 'Marwata', 'laki', 'Pontianak', '1988-06-25', 'Jr. Sugiono No. 485, Sukabumi 17487, KalTim', '082880388575', '', '', '', '', '', 'belum', 'belum', 'belum', 'default_profile.jpg'), ('14999380', '2014', '2', '40', 'Wulan Laksmiwati', 'Wulan', 'perempuan', 'Semarang', '2007-10-01', 'Ds. Karel S. Tubun No. 629, Gunungsitoli 12812, SulSel', '086332344699', '', '', '', '', '', 'belum', 'belum', 'belum', 'default_profile.jpg');
INSERT INTO `t_mahasiswa` VALUES ('15008826', '2015', '3', '41', 'Bakda Purwanti', 'Bakda', 'laki', 'Salatiga', '1997-04-26', 'Dk. Baabur Royan No. 33, Tegal 16777, KalBar', '084493572481', '', '', '', '', '', 'belum', 'belum', 'belum', 'default_profile.jpg'), ('15009789', '2015', '4', '42', 'Hairyanto Wibowo', 'Hairyanto', 'laki', 'Payakumbuh', '2008-06-23', 'Kpg. Taman No. 47, Pontianak 83898, NTT', '084947963878', '', '', '', '', '', 'belum', 'belum', 'belum', 'default_profile.jpg'), ('15015262', '2015', '1', '43', 'Ika Prastuti', 'Ika', 'perempuan', 'Bekasi', '1994-12-30', 'Gg. Bak Mandi No. 93, Parepare 83452, SulUt', '082344824556', '', '', '', '', '', 'belum', 'belum', 'belum', 'default_profile.jpg'), ('15017000', '2015', '5', '44', 'Agus Fujiati', 'Agus', 'laki', 'Administrasi Jakarta Timu', '2008-04-12', 'Dk. Bagonwoto  No. 275, Banjar 20000, NTB', '088272891877', '', '', '', '', '', 'belum', 'belum', 'belum', 'default_profile.jpg'), ('15027234', '2015', '2', '50', 'Paris Zulkarnain', 'Paris', 'perempuan', 'Tomohon', '1979-05-04', 'Psr. Suharso No. 141, Makassar 74206, Maluku', '088196251165', '', '', '', '', '', 'belum', 'belum', 'belum', 'default_profile.jpg'), ('15039585', '2015', '6', '60', 'Gambira Mandala', 'Gambira', 'laki', 'Pontianak', '1998-11-24', 'Jr. Adisucipto No. 274, Palu 84487, Aceh', '085493435814', '', '', '', '', '', 'belum', 'belum', 'belum', 'default_profile.jpg'), ('15041834', '2015', '1', '61', 'Muni Nashiruddin', 'Muni', 'laki', 'Tasikmalaya', '1990-05-28', 'Kpg. Gajah Mada No. 644, Yogyakarta 47115, KalSel', '087875776475', '', '', '', '', '', 'belum', 'belum', 'belum', 'default_profile.jpg'), ('15048846', '2015', '2', '70', 'Estiawan Kuswoyo', 'Estiawan', 'laki', 'Ambon', '1971-07-08', 'Gg. Bagas Pati No. 606, Administrasi Jakarta Pusat 44754, KalTeng', '082642696715', '', '', '', '', '', 'belum', 'belum', 'belum', 'default_profile.jpg'), ('15053503', '2015', '3', '71', 'Karma Saefullah', 'Karma', 'laki', 'Tanjung Pinang', '1998-01-24', 'Dk. Surapati No. 390, Langsa 23353, Papua', '083180849382', '', '', '', '', '', 'belum', 'belum', 'belum', 'default_profile.jpg'), ('15054804', '2015', '3', '72', 'Nabila Nugroho', 'Nabila', 'perempuan', 'Cirebon', '2013-11-02', 'Psr. Ciwastra No. 943, Bitung 62872, Bengkulu', '081224873774', '', '', '', '', '', 'belum', 'belum', 'belum', 'default_profile.jpg'), ('15054932', '2015', '4', '10', 'Opung Kusmawati', 'Opung', 'laki', 'Pekanbaru', '2010-08-21', 'Jln. Bah Jaya No. 385, Bitung 23078, JaTim', '084327558345', '', '', '', '', '', 'belum', 'belum', 'belum', 'default_profile.jpg'), ('15055477', '2015', '5', '20', 'Saiful Wibisono', 'Saiful', 'laki', 'Cirebon', '1985-07-24', 'Jr. Yos Sudarso No. 320, Yogyakarta 75790, Gorontalo', '081172657757', '', '', '', '', '', 'belum', 'belum', 'belum', 'default_profile.jpg'), ('15057911', '2015', '4', '21', 'Jelita Yolanda', 'Jelita', 'perempuan', 'Denpasar', '1977-10-09', 'Ki. Bhayangkara No. 478, Magelang 78928, KepR', '083475174483', '', '', '', '', '', 'belum', 'belum', 'belum', 'default_profile.jpg'), ('15059526', '2015', '5', '22', 'Yuliana Permata', 'Yuliana', 'perempuan', 'Sibolga', '1992-09-30', 'Ds. Gajah Mada No. 267, Solok 94118, DKI', '087128637013', '', '', '', '', '', 'belum', 'belum', 'belum', 'default_profile.jpg'), ('15065458', '2015', '6', '23', 'Olivia Mustofa', 'Olivia', 'perempuan', 'Palopo', '1990-07-04', 'Ki. Karel S. Tubun No. 676, Administrasi Jakarta Timur 84678, KalSel', '083312635358', '', '', '', '', '', 'belum', 'belum', 'belum', 'default_profile.jpg'), ('15076582', '2015', '1', '24', 'Jasmin Simbolon', 'Jasmin', 'perempuan', 'Sorong', '2009-04-13', 'Psr. Pattimura No. 469, Banjar 38656, KalTim', '085630574275', '', '', '', '', '', 'belum', 'belum', 'belum', 'default_profile.jpg'), ('15077938', '2015', '6', '30', 'Mulyanto Uyainah', 'Mulyanto', 'laki', 'Banjarmasin', '1999-05-15', 'Jln. Pelajar Pejuang 45 No. 976, Padang 15149, Banten', '085951966430', '', '', '', '', '', 'belum', 'belum', 'belum', 'default_profile.jpg'), ('15081648', '2015', '1', '31', 'Aris Aryani', 'Aris', 'laki', 'Tomohon', '1984-04-18', 'Ds. B.Agam 1 No. 466, Surakarta 13602, NTT', '083472616291', '', '', '', '', '', 'belum', 'belum', 'belum', 'default_profile.jpg'), ('15085711', '2015', '2', '32', 'Pia Irawan', 'Pia', 'perempuan', 'Tual', '1990-07-27', 'Jln. Sukajadi No. 11, Sukabumi 99614, KepR', '082534328995', '', '', '', '', '', 'belum', 'belum', 'belum', 'default_profile.jpg'), ('15086067', '2015', '3', '33', 'Clara Susanti', 'Clara', 'perempuan', 'Tanjungbalai', '2011-02-15', 'Ds. Pattimura No. 244, Bengkulu 31422, Aceh', '081864989265', '', '', '', '', '', 'belum', 'belum', 'belum', 'default_profile.jpg'), ('15096000', '2015', '2', '40', 'Purwa Halim', 'Purwa', 'laki', 'Sabang', '2002-03-25', 'Ki. Basmol Raya No. 906, Metro 38257, Maluku', '083468276599', '', '', '', '', '', 'belum', 'belum', 'belum', 'default_profile.jpg'), ('15096377', '2015', '3', '41', 'Karta Melani', 'Karta', 'laki', 'Administrasi Jakarta Sela', '1987-01-30', 'Jln. Jend. Sudirman No. 205, Kediri 76373, Banten', '083888511584', '', '', '', '', '', 'belum', 'belum', 'belum', 'default_profile.jpg'), ('15098911', '2015', '4', '42', 'Ida Yulianti', 'Ida', 'perempuan', 'Denpasar', '1983-04-18', 'Ds. Sugiyopranoto No. 652, Administrasi Jakarta Selatan 88910, SumUt', '081528945895', '', '', '', '', '', 'belum', 'belum', 'belum', 'default_profile.jpg'), ('15100478', '2015', '5', '43', 'Siti Ramadan', 'Siti', 'perempuan', 'Pematangsiantar', '1971-12-02', 'Jr. Kyai Gede No. 718, Sukabumi 86712, SulTra', '085738983651', '', '', '', '', '', 'belum', 'belum', 'belum', 'default_profile.jpg'), ('15102111', '2015', '6', '44', 'Cinthia Yulianti', 'Cinthia', 'perempuan', 'Probolinggo', '1986-12-20', 'Ki. Baja No. 363, Depok 55764, PapBar', '082328784738', '', '', '', '', '', 'belum', 'belum', 'belum', 'default_profile.jpg'), ('15103363', '2015', '1', '50', 'Ifa Widodo', 'Ifa', 'perempuan', 'Semarang', '1975-02-24', 'Jln. Lembong No. 732, Bogor 44284, SulTra', '084989877777', '', '', '', '', '', 'belum', 'belum', 'belum', 'default_profile.jpg'), ('15113252', '2015', '4', '60', 'Emong Wacana', 'Emong', 'laki', 'Padangpanjang', '2000-10-19', 'Kpg. R.M. Said No. 884, Tarakan 58480, KalTim', '087994693770', '', '', '', '', '', 'belum', 'belum', 'belum', 'default_profile.jpg'), ('15114554', '2015', '2', '61', 'Putri Tampubolon', 'Putri', 'perempuan', 'Malang', '1979-11-23', 'Jln. Flores No. 760, Batu 73103, JaTim', '087327258832', '', '', '', '', '', 'belum', 'belum', 'belum', 'default_profile.jpg'), ('15115843', '2015', '3', '70', 'Victoria Maryati', 'Victoria', 'perempuan', 'Jambi', '2017-09-26', 'Jln. Otista No. 285, Medan 43097, SulBar', '085327526353', '', '', '', '', '', 'belum', 'belum', 'belum', 'default_profile.jpg'), ('15117225', '2015', '5', '71', 'Raharja Siregar', 'Raharja', 'laki', 'Pasuruan', '1987-04-03', 'Psr. Gremet No. 239, Bandar Lampung 77097, SumUt', '084439853956', '', '', '', '', '', 'belum', 'belum', 'belum', 'default_profile.jpg'), ('15128892', '2015', '6', '72', 'Wawan Sinaga', 'Wawan', 'laki', 'Payakumbuh', '1994-02-02', 'Ki. Cikutra Timur No. 956, Surabaya 11011, Gorontalo', '083344816241', '', '', '', '', '', 'belum', 'belum', 'belum', 'default_profile.jpg'), ('15132541', '2015', '1', '10', 'Dadap Hassanah', 'Dadap', 'laki', 'Tangerang Selatan', '2010-06-24', 'Jr. Jamika No. 549, Bontang 73249, SulBar', '087398999931', '', '', '', '', '', 'belum', 'belum', 'belum', 'default_profile.jpg'), ('15144314', '2015', '4', '20', 'Uchita Handayani', 'Uchita', 'perempuan', 'Administrasi Jakarta Pusa', '2004-08-07', 'Dk. K.H. Wahid Hasyim (Kopo) No. 73, Depok 36300, SulBar', '083129712683', '', '', '', '', '', 'belum', 'belum', 'belum', 'default_profile.jpg'), ('15155254', '2015', '2', '21', 'Prabawa Saragih', 'Prabawa', 'laki', 'Sawahlunto', '1983-01-16', 'Ki. Padang No. 227, Malang 37334, SulBar', '085826626727', '', '', '', '', '', 'belum', 'belum', 'belum', 'default_profile.jpg'), ('15158905', '2015', '3', '22', 'Marsito Narpati', 'Marsito', 'laki', 'Batu', '1970-12-01', 'Jr. Abdul Muis No. 854, Blitar 31924, Banten', '081339259952', '', '', '', '', '', 'belum', 'belum', 'belum', 'default_profile.jpg'), ('15161153', '2015', '5', '23', 'Dewi Puspita', 'Dewi', 'perempuan', 'Medan', '2013-03-18', 'Jr. Bakau Griya Utama No. 505, Palopo 73073, BaBel', '083627871734', '', '', '', '', '', 'belum', 'belum', 'belum', 'default_profile.jpg'), ('15169870', '2015', '4', '24', 'Agus Gunawan', 'Agus', 'laki', 'Manado', '1974-12-12', 'Jr. Barat No. 67, Pematangsiantar 37872, SumBar', '083649223594', '', '', '', '', '', 'belum', 'belum', 'belum', 'default_profile.jpg'), ('15185403', '2015', '6', '30', 'Yani Wasita', 'Yani', 'perempuan', 'Palangka Raya', '2009-01-11', 'Dk. Dipenogoro No. 104, Tanjungbalai 41000, JaTim', '082293693579', '', '', '', '', '', 'belum', 'belum', 'belum', 'default_profile.jpg'), ('15199602', '2015', '5', '31', 'Rafid Thamrin', 'Rafid', 'laki', 'Mataram', '2014-05-18', 'Psr. Kartini No. 650, Tomohon 67553, KalTeng', '088272396879', '', '', '', '', '', 'belum', 'belum', 'belum', 'default_profile.jpg'), ('15201314', '2015', '6', '32', 'Najam Dongoran', 'Najam', 'laki', 'Tidore Kepulauan', '1988-05-19', 'Dk. Kartini No. 424, Samarinda 64171, SulTeng', '082839587231', '', '', '', '', '', 'belum', 'belum', 'belum', 'default_profile.jpg'), ('15210335', '2015', '1', '33', 'Taufan Samosir', 'Taufan', 'laki', 'Madiun', '1984-09-05', 'Kpg. Sugiono No. 98, Ternate 50791, DIY', '085953551753', '', '', '', '', '', 'belum', 'belum', 'belum', 'default_profile.jpg'), ('15214997', '2015', '2', '40', 'Edi Purnawati', 'Edi', 'laki', 'Sungai Penuh', '2016-06-20', 'Ki. Imam No. 467, Bengkulu 12367, SulBar', '081173937430', '', '', '', '', '', 'belum', 'belum', 'belum', 'default_profile.jpg'), ('15234492', '2015', '1', '41', 'Sadina Saptono', 'Sadina', 'perempuan', 'Batam', '2016-02-25', 'Ki. Yap Tjwan Bing No. 506, Padangpanjang 10086, Aceh', '084092601390', '', '', '', '', '', 'belum', 'belum', 'belum', 'default_profile.jpg'), ('15236729', '2015', '2', '42', 'Hesti Winarsih', 'Hesti', 'perempuan', 'Pekalongan', '2010-06-18', 'Ki. Ciumbuleuit No. 385, Metro 50543, JaTeng', '082319598386', '', '', '', '', '', 'belum', 'belum', 'belum', 'default_profile.jpg'), ('15237293', '2015', '3', '43', 'Anom Uwais', 'Anom', 'laki', 'Ambon', '1989-06-07', 'Dk. Thamrin No. 108, Batu 76784, SulUt', '087453996253', '', '', '', '', '', 'belum', 'belum', 'belum', 'default_profile.jpg'), ('15240810', '2015', '4', '44', 'Candra Thamrin', 'Candra', 'laki', 'Palangka Raya', '2010-03-05', 'Ds. Salak No. 901, Kupang 72251, SulBar', '087564776545', '', '', '', '', '', 'belum', 'belum', 'belum', 'default_profile.jpg'), ('15248805', '2015', '3', '50', 'Ira Laksmiwati', 'Ira', 'perempuan', 'Tasikmalaya', '2002-11-04', 'Ki. Pacuan Kuda No. 355, Samarinda 81608, SulUt', '085670216339', '', '', '', '', '', 'belum', 'belum', 'belum', 'default_profile.jpg'), ('15251634', '2015', '5', '60', 'Dasa Kusmawati', 'Dasa', 'laki', 'Surakarta', '1983-12-11', 'Gg. Kartini No. 754, Tual 87149, KepR', '086480396019', '', '', '', '', '', 'belum', 'belum', 'belum', 'default_profile.jpg'), ('15254504', '2015', '6', '61', 'Raihan Namaga', 'Raihan', 'laki', 'Bekasi', '1990-03-07', 'Jr. Halim No. 960, Palu 65100, NTT', '081814725263', '', '', '', '', '', 'belum', 'belum', 'belum', 'default_profile.jpg'), ('15262313', '2015', '1', '70', 'Jefri Tampubolon', 'Jefri', 'laki', 'Pasuruan', '1999-12-23', 'Ds. Baabur Royan No. 516, Gunungsitoli 22242, PapBar', '086798742245', '', '', '', '', '', 'belum', 'belum', 'belum', 'default_profile.jpg'), ('15262901', '2015', '4', '71', 'Winda Novitasari', 'Winda', 'perempuan', 'Bontang', '1979-12-09', 'Ds. Wahidin No. 843, Palopo 94989, PapBar', '088919961395', '', '', '', '', '', 'belum', 'belum', 'belum', 'default_profile.jpg'), ('15264181', '2015', '5', '72', 'Oliva Andriani', 'Oliva', 'perempuan', 'Kediri', '1988-01-23', 'Gg. Daan No. 817, Administrasi Jakarta Barat 44457, Gorontalo', '087919555637', '', '', '', '', '', 'belum', 'belum', 'belum', 'default_profile.jpg'), ('15271338', '2015', '6', '10', 'Kiandra Saputra', 'Kiandra', 'perempuan', 'Kendari', '1976-08-26', 'Jln. Abdullah No. 255, Parepare 61888, SumBar', '082532393697', '', '', '', '', '', 'belum', 'belum', 'belum', 'default_profile.jpg'), ('15278833', '2015', '1', '20', 'Puji Oktaviani', 'Puji', 'perempuan', 'Serang', '2014-02-27', 'Ds. Uluwatu No. 705, Madiun 85186, JaTeng', '084681244664', '', '', '', '', '', 'belum', 'belum', 'belum', 'default_profile.jpg'), ('15285633', '2015', '2', '21', 'Danu Hariyah', 'Danu', 'laki', 'Batam', '1995-05-29', 'Kpg. Baranangsiang No. 314, Tanjung Pinang 79704, KepR', '086626535935', '', '', '', '', '', 'belum', 'belum', 'belum', 'default_profile.jpg'), ('15285925', '2015', '3', '22', 'Muni Nasyidah', 'Muni', 'laki', 'Bukittinggi', '2011-12-16', 'Ds. Ketandan No. 892, Gorontalo 96344, DKI', '083272915775', '', '', '', '', '', 'belum', 'belum', 'belum', 'default_profile.jpg'), ('15291115', '2015', '2', '23', 'Dinda Santoso', 'Dinda', 'perempuan', 'Kediri', '1971-12-30', 'Jln. Abdul Rahmat No. 197, Tanjungbalai 56677, Bali', '088685666896', '', '', '', '', '', 'belum', 'belum', 'belum', 'default_profile.jpg'), ('15299942', '2015', '4', '24', 'Labuh Permata', 'Labuh', 'laki', 'Singkawang', '2016-04-26', 'Psr. Imam No. 876, Pontianak 12391, SulBar', '082599146082', '', '', '', '', '', 'belum', 'belum', 'belum', 'default_profile.jpg'), ('15307191', '2015', '3', '30', 'Cornelia Utama', 'Cornelia', 'perempuan', 'Binjai', '1985-06-26', 'Dk. Siliwangi No. 574, Denpasar 61041, SulTeng', '088650502212', '', '', '', '', '', 'belum', 'belum', 'belum', 'default_profile.jpg'), ('15312027', '2015', '5', '31', 'Nasim Firgantoro', 'Nasim', 'laki', 'Bima', '2003-11-08', 'Jr. Suharso No. 800, Bima 60169, SumBar', '081756719457', '', '', '', '', '', 'belum', 'belum', 'belum', 'default_profile.jpg'), ('15312898', '2015', '6', '32', 'Akarsana Prayoga', 'Akarsana', 'laki', 'Prabumulih', '1992-02-14', 'Psr. Banal No. 120, Malang 49244, SulSel', '085632339594', '', '', '', '', '', 'belum', 'belum', 'belum', 'default_profile.jpg'), ('15321219', '2015', '4', '33', 'Zulaikha Suryono', 'Zulaikha', 'perempuan', 'Tual', '2015-03-01', 'Ki. Ciwastra No. 575, Tebing Tinggi 39527, PapBar', '085051602597', '', '', '', '', '', 'belum', 'belum', 'belum', 'default_profile.jpg'), ('15322263', '2015', '1', '40', 'Jayeng Sitompul', 'Jayeng', 'laki', 'Administrasi Jakarta Sela', '2015-08-17', 'Ds. Nangka No. 31, Banjar 90497, JaTim', '087058371827', '', '', '', '', '', 'belum', 'belum', 'belum', 'default_profile.jpg'), ('15334870', '2015', '5', '41', 'Kania Waluyo', 'Kania', 'perempuan', 'Banda Aceh', '2006-05-14', 'Dk. Baabur Royan No. 887, Pangkal Pinang 73554, DIY', '081381706217', '', '', '', '', '', 'belum', 'belum', 'belum', 'default_profile.jpg'), ('15334933', '2015', '6', '42', 'Tantri Mansur', 'Tantri', 'perempuan', 'Ternate', '2014-05-03', 'Jr. Tubagus Ismail No. 580, Sibolga 45985, MalUt', '081978376318', '', '', '', '', '', 'belum', 'belum', 'belum', 'default_profile.jpg'), ('15340466', '2015', '1', '43', 'Elisa Permadi', 'Elisa', 'perempuan', 'Kediri', '2018-03-28', 'Dk. Achmad Yani No. 300, Bukittinggi 68194, JaBar', '084153332653', '', '', '', '', '', 'belum', 'belum', 'belum', 'default_profile.jpg'), ('15349774', '2015', '2', '44', 'Kasiyah Laksita', 'Kasiyah', 'perempuan', 'Administrasi Jakarta Bara', '1990-04-06', 'Ds. Bakaru No. 815, Lubuklinggau 43903, Banten', '087384658870', '', '', '', '', '', 'belum', 'belum', 'belum', 'default_profile.jpg'), ('15359298', '2015', '2', '50', 'Yusuf Hutasoit', 'Yusuf', 'laki', 'Jambi', '1982-08-28', 'Jr. Baan No. 777, Pasuruan 13961, KalSel', '082164147513', '', '', '', '', '', 'belum', 'belum', 'belum', 'default_profile.jpg'), ('15371218', '2015', '3', '60', 'Emil Mustofa', 'Emil', 'laki', 'Batam', '1993-08-01', 'Jln. Kebangkitan Nasional No. 707, Pematangsiantar 24898, Bali', '081291559530', '', '', '', '', '', 'belum', 'belum', 'belum', 'default_profile.jpg'), ('15374195', '2015', '4', '61', 'Kardi Marbun', 'Kardi', 'laki', 'Denpasar', '2003-08-14', 'Jr. Surapati No. 151, Serang 54416, DIY', '086287307553', '', '', '', '', '', 'belum', 'belum', 'belum', 'default_profile.jpg'), ('15386202', '2015', '3', '70', 'Ratih Mardhiyah', 'Ratih', 'perempuan', 'Kendari', '1996-12-05', 'Kpg. Bakit  No. 23, Tual 90412, Riau', '081362595516', '', '', '', '', '', 'belum', 'belum', 'belum', 'default_profile.jpg'), ('15388592', '2015', '5', '71', 'Laksana Salahudin', 'Laksana', 'laki', 'Tual', '2013-11-23', 'Dk. Zamrud No. 335, Sukabumi 19011, BaBel', '084777232291', '', '', '', '', '', 'belum', 'belum', 'belum', 'default_profile.jpg'), ('15390075', '2015', '6', '72', 'Hartana Halimah', 'Hartana', 'laki', 'Padangpanjang', '1996-05-12', 'Jr. Bara No. 441, Palangka Raya 47294, NTT', '088770974511', '', '', '', '', '', 'belum', 'belum', 'belum', 'default_profile.jpg'), ('15391952', '2015', '1', '10', 'Adhiarja Hutapea', 'Adhiarja', 'laki', 'Ternate', '1996-03-18', 'Ki. Sukajadi No. 941, Padang 84047, SumSel', '082735548268', '', '', '', '', '', 'belum', 'belum', 'belum', 'default_profile.jpg'), ('15396296', '2015', '4', '20', 'Paramita Yolanda', 'Paramita', 'perempuan', 'Cilegon', '1994-09-10', 'Ds. PHH. Mustofa No. 632, Tebing Tinggi 23643, JaBar', '088168735040', '', '', '', '', '', 'belum', 'belum', 'belum', 'default_profile.jpg'), ('15397214', '2015', '2', '21', 'Lanjar Maheswara', 'Lanjar', 'laki', 'Tidore Kepulauan', '2018-04-11', 'Jr. HOS. Cjokroaminoto (Pasirkaliki) No. 921, Tomohon 72149, SulBar', '083088304638', '', '', '', '', '', 'belum', 'belum', 'belum', 'default_profile.jpg'), ('15404710', '2015', '3', '22', 'Banawa Utami', 'Banawa', 'laki', 'Gorontalo', '2009-07-07', 'Ds. Banal No. 881, Pontianak 90109, JaTim', '081127288036', '', '', '', '', '', 'belum', 'belum', 'belum', 'default_profile.jpg'), ('15416102', '2015', '5', '23', 'Qori Hariyah', 'Qori', 'perempuan', 'Padang', '2015-05-09', 'Ds. Taman No. 202, Serang 90954, Aceh', '085347775390', '', '', '', '', '', 'belum', 'belum', 'belum', 'default_profile.jpg'), ('15416142', '2015', '6', '24', 'Humaira Prasetya', 'Humaira', 'perempuan', 'Medan', '2016-08-29', 'Ds. Sugiyopranoto No. 114, Kotamobagu 17319, Jambi', '081475263923', '', '', '', '', '', 'belum', 'belum', 'belum', 'default_profile.jpg'), ('15416989', '2015', '1', '30', 'Mila Usamah', 'Mila', 'perempuan', 'Administrasi Jakarta Timu', '1981-09-17', 'Jr. Camar No. 624, Probolinggo 19592, KalTim', '081677406064', '', '', '', '', '', 'belum', 'belum', 'belum', 'default_profile.jpg'), ('15418488', '2015', '4', '31', 'Asmuni Firgantoro', 'Asmuni', 'laki', 'Kotamobagu', '2014-05-31', 'Jln. Padma No. 491, Administrasi Jakarta Barat 88488, SulBar', '088017173367', '', '', '', '', '', 'belum', 'belum', 'belum', 'default_profile.jpg'), ('15420733', '2015', '5', '32', 'Drajat Melani', 'Drajat', 'laki', 'Samarinda', '2015-04-15', 'Jr. Madrasah No. 517, Sawahlunto 20410, Gorontalo', '086554766553', '', '', '', '', '', 'belum', 'belum', 'belum', 'default_profile.jpg'), ('15422441', '2015', '2', '33', 'Tina Palastri', 'Tina', 'perempuan', 'Tanjungbalai', '1990-01-22', 'Kpg. Bazuka Raya No. 11, Bogor 43762, NTT', '085412796854', '', '', '', '', '', 'belum', 'belum', 'belum', 'default_profile.jpg'), ('15429174', '2015', '3', '40', 'Alika Astuti', 'Alika', 'perempuan', 'Banjar', '2018-02-18', 'Gg. Samanhudi No. 735, Cimahi 62777, KalUt', '085764866553', '', '', '', '', '', 'belum', 'belum', 'belum', 'default_profile.jpg'), ('15429214', '2015', '4', '41', 'Kamila Waskita', 'Kamila', 'perempuan', 'Administrasi Jakarta Timu', '1974-06-25', 'Ki. Hasanuddin No. 193, Sungai Penuh 61543, Bali', '083271594447', '', '', '', '', '', 'belum', 'belum', 'belum', 'default_profile.jpg'), ('15434034', '2015', '5', '42', 'Diana Handayani', 'Diana', 'perempuan', 'Sorong', '2004-12-11', 'Jr. M.T. Haryono No. 476, Medan 83469, MalUt', '082170758843', '', '', '', '', '', 'belum', 'belum', 'belum', 'default_profile.jpg'), ('15434891', '2015', '6', '43', 'Kemal Pangestu', 'Kemal', 'laki', 'Padangpanjang', '1982-09-20', 'Kpg. Bayam No. 237, Sibolga 90166, KalUt', '087697415326', '', '', '', '', '', 'belum', 'belum', 'belum', 'default_profile.jpg'), ('15441326', '2015', '6', '44', 'Kayla Widodo', 'Kayla', 'perempuan', 'Tanjung Pinang', '1984-11-03', 'Ds. Monginsidi No. 961, Parepare 17423, SumSel', '086778893087', '', '', '', '', '', 'belum', 'belum', 'belum', 'default_profile.jpg'), ('15441965', '2015', '1', '50', 'Raihan Laksmiwati', 'Raihan', 'laki', 'Medan', '2014-04-04', 'Ds. Bara No. 973, Sibolga 75767, SulTeng', '082374974722', '', '', '', '', '', 'belum', 'belum', 'belum', 'default_profile.jpg'), ('15448492', '2015', '2', '60', 'Prasetya Waskita', 'Prasetya', 'laki', 'Kendari', '1974-07-07', 'Jln. Baranang No. 398, Kotamobagu 49137, Bali', '088080835164', '', '', '', '', '', 'belum', 'belum', 'belum', 'default_profile.jpg'), ('15449063', '2015', '3', '61', 'Himawan Hidayanto', 'Himawan', 'laki', 'Pagar Alam', '1972-08-02', 'Dk. Pacuan Kuda No. 415, Blitar 21735, KalTim', '084725679917', '', '', '', '', '', 'belum', 'belum', 'belum', 'default_profile.jpg'), ('15449219', '2015', '4', '70', 'Bakiono Palastri', 'Bakiono', 'laki', 'Salatiga', '1998-02-03', 'Jln. Raden Saleh No. 502, Makassar 71689, SulUt', '083695942424', '', '', '', '', '', 'belum', 'belum', 'belum', 'default_profile.jpg'), ('15452648', '2015', '1', '71', 'Kamila Nasyidah', 'Kamila', 'perempuan', 'Gorontalo', '1991-12-08', 'Ki. Bagonwoto  No. 52, Parepare 23457, JaTeng', '084086255024', '', '', '', '', '', 'belum', 'belum', 'belum', 'default_profile.jpg'), ('15454403', '2015', '2', '72', 'Cornelia Wacana', 'Cornelia', 'perempuan', 'Singkawang', '2012-12-01', 'Ds. Sugiono No. 971, Tebing Tinggi 98067, Lampung', '088815394194', '', '', '', '', '', 'belum', 'belum', 'belum', 'default_profile.jpg'), ('15457393', '2015', '5', '10', 'Bagiya Uyainah', 'Bagiya', 'laki', 'Banjar', '2006-10-05', 'Ki. Flores No. 200, Mojokerto 16339, SumUt', '086027475396', '', '', '', '', '', 'belum', 'belum', 'belum', 'default_profile.jpg'), ('15461019', '2015', '3', '20', 'Nadine Saputra', 'Nadine', 'perempuan', 'Tangerang Selatan', '1982-08-15', 'Kpg. Camar No. 353, Tidore Kepulauan 15026, DKI', '088515208370', '', '', '', '', '', 'belum', 'belum', 'belum', 'default_profile.jpg'), ('15465374', '2015', '4', '21', 'Anastasia Yuliarti', 'Anastasia', 'perempuan', 'Ambon', '1978-07-25', 'Ki. Untung Suropati No. 678, Samarinda 69586, Riau', '082941599424', '', '', '', '', '', 'belum', 'belum', 'belum', 'default_profile.jpg'), ('15468763', '2015', '5', '22', 'Gilda Riyanti', 'Gilda', 'perempuan', 'Binjai', '1972-03-21', 'Ki. Banal No. 925, Administrasi Jakarta Selatan 60834, Gorontalo', '084720613055', '', '', '', '', '', 'belum', 'belum', 'belum', 'default_profile.jpg'), ('15471582', '2015', '6', '23', 'Kasiran Haryanti', 'Kasiran', 'laki', 'Administrasi Jakarta Timu', '1989-10-11', 'Ki. Basmol Raya No. 231, Prabumulih 17499, KalUt', '081151174028', '', '', '', '', '', 'belum', 'belum', 'belum', 'default_profile.jpg'), ('15473721', '2015', '1', '24', 'Raharja Lazuardi', 'Raharja', 'laki', 'Tangerang', '1978-03-07', 'Ki. Bah Jaya No. 41, Padang 80578, Papua', '088886137732', '', '', '', '', '', 'belum', 'belum', 'belum', 'default_profile.jpg');
INSERT INTO `t_mahasiswa` VALUES ('15476548', '2015', '6', '30', 'Yuni Rajata', 'Yuni', 'perempuan', 'Padangsidempuan', '2008-10-25', 'Dk. Kusmanto No. 49, Kupang 80210, DIY', '082117617421', '', '', '', '', '', 'belum', 'belum', 'belum', 'default_profile.jpg'), ('15477501', '2015', '1', '31', 'Silvia Widiastuti', 'Silvia', 'perempuan', 'Bau-Bau', '1983-03-04', 'Dk. Otista No. 754, Administrasi Jakarta Barat 51028, DKI', '085235459119', '', '', '', '', '', 'belum', 'belum', 'belum', 'default_profile.jpg'), ('15479871', '2015', '2', '32', 'Bagya Pranowo', 'Bagya', 'laki', 'Palembang', '1971-02-28', 'Dk. Bagis Utama No. 223, Surakarta 39184, Gorontalo', '082285926218', '', '', '', '', '', 'belum', 'belum', 'belum', 'default_profile.jpg'), ('15485043', '2015', '2', '33', 'Puput Putra', 'Puput', 'perempuan', 'Singkawang', '1979-09-01', 'Psr. Yos No. 333, Ternate 35748, KalTim', '088557416180', '', '', '', '', '', 'belum', 'belum', 'belum', 'default_profile.jpg'), ('15487609', '2015', '3', '40', 'Uda Suryono', 'Uda', 'laki', 'Surabaya', '2008-08-10', 'Jln. B.Agam Dlm No. 813, Gunungsitoli 58840, SumSel', '088748625441', '', '', '', '', '', 'belum', 'belum', 'belum', 'default_profile.jpg'), ('15487666', '2015', '4', '41', 'Dagel Riyanti', 'Dagel', 'laki', 'Prabumulih', '1980-02-14', 'Dk. Bagonwoto  No. 611, Medan 69741, DKI', '081499911830', '', '', '', '', '', 'belum', 'belum', 'belum', 'default_profile.jpg'), ('15488845', '2015', '3', '42', 'Najwa Pudjiastuti', 'Najwa', 'perempuan', 'Gorontalo', '1983-11-22', 'Jr. Antapani Lama No. 395, Sorong 26983, Lampung', '085314158038', '', '', '', '', '', 'belum', 'belum', 'belum', 'default_profile.jpg'), ('15490213', '2015', '5', '43', 'Galiono Suryatmi', 'Galiono', 'laki', 'Tanjung Pinang', '2015-10-30', 'Jln. Laksamana No. 684, Tangerang 58933, NTB', '087884295351', '', '', '', '', '', 'belum', 'belum', 'belum', 'default_profile.jpg'), ('15495085', '2015', '4', '44', 'Sari Narpati', 'Sari', 'perempuan', 'Sabang', '2013-03-20', 'Psr. Laswi No. 454, Bitung 95021, SulBar', '083133792545', '', '', '', '', '', 'belum', 'belum', 'belum', 'default_profile.jpg'), ('15504307', '2015', '5', '50', 'Karen Zulaika', 'Karen', 'perempuan', 'Tanjungbalai', '1984-09-11', 'Psr. Sudirman No. 550, Kupang 91177, KalSel', '087181201922', '', '', '', '', '', 'belum', 'belum', 'belum', 'default_profile.jpg'), ('15513313', '2015', '6', '60', 'Edward Hardiansyah', 'Edward', 'laki', 'Tegal', '1977-06-06', 'Ds. Yos No. 27, Administrasi Jakarta Timur 37302, KalBar', '085524145632', '', '', '', '', '', 'belum', 'belum', 'belum', 'default_profile.jpg'), ('15518624', '2015', '6', '61', 'Agnes Puspita', 'Agnes', 'perempuan', 'Tangerang Selatan', '2009-08-06', 'Gg. Sam Ratulangi No. 938, Metro 10044, KalTeng', '087226363657', '', '', '', '', '', 'belum', 'belum', 'belum', 'default_profile.jpg'), ('15520606', '2015', '1', '70', 'Dian Rajasa', 'Dian', 'perempuan', 'Palangka Raya', '1972-12-26', 'Kpg. Bara No. 570, Jayapura 58712, SumUt', '087574333588', '', '', '', '', '', 'belum', 'belum', 'belum', 'default_profile.jpg'), ('15523712', '2015', '2', '71', 'Maria Uyainah', 'Maria', 'perempuan', 'Pekalongan', '2000-10-14', 'Psr. Yoga No. 280, Surabaya 17589, Bengkulu', '088089225182', '', '', '', '', '', 'belum', 'belum', 'belum', 'default_profile.jpg'), ('15525008', '2015', '3', '72', 'Putri Pangestu', 'Putri', 'perempuan', 'Sabang', '1990-02-24', 'Kpg. Jend. Sudirman No. 82, Mojokerto 67138, SumBar', '086688477852', '', '', '', '', '', 'belum', 'belum', 'belum', 'default_profile.jpg'), ('15538777', '2015', '1', '10', 'Embuh Pudjiastuti', 'Embuh', 'laki', 'Parepare', '2012-07-21', 'Kpg. Aceh No. 233, Singkawang 31175, SumSel', '084228373058', '', '', '', '', '', 'belum', 'belum', 'belum', 'default_profile.jpg'), ('15547565', '2015', '4', '20', 'Ami Nainggolan', 'Ami', 'perempuan', 'Bitung', '1983-07-09', 'Kpg. Bagas Pati No. 771, Tomohon 53121, Gorontalo', '083663409898', '', '', '', '', '', 'belum', 'belum', 'belum', 'default_profile.jpg'), ('15550595', '2015', '5', '21', 'Cinta Wijayanti', 'Cinta', 'perempuan', 'Balikpapan', '2005-01-03', 'Psr. Raden Saleh No. 463, Depok 66782, DKI', '083361551389', '', '', '', '', '', 'belum', 'belum', 'belum', 'default_profile.jpg'), ('15551797', '2015', '6', '22', 'Unjani Hariyah', 'Unjani', 'perempuan', 'Sabang', '2003-04-11', 'Ki. Barasak No. 920, Banjarbaru 23925, PapBar', '088960625972', '', '', '', '', '', 'belum', 'belum', 'belum', 'default_profile.jpg'), ('15553481', '2015', '1', '23', 'Salsabila Damanik', 'Salsabila', 'perempuan', 'Sabang', '2001-11-26', 'Ds. Halim No. 955, Depok 46722, Bengkulu', '081627937016', '', '', '', '', '', 'belum', 'belum', 'belum', 'default_profile.jpg'), ('15553565', '2015', '2', '24', 'Ajimat Pratiwi', 'Ajimat', 'laki', 'Singkawang', '1974-09-04', 'Psr. Qrisdoren No. 551, Surabaya 91100, Aceh', '087140268782', '', '', '', '', '', 'belum', 'belum', 'belum', 'default_profile.jpg'), ('15558900', '2015', '3', '30', 'Bancar Rahimah', 'Bancar', 'laki', 'Kupang', '1989-01-22', 'Dk. Ters. Kiaracondong No. 723, Tanjung Pinang 28797, SumUt', '085219401561', '', '', '', '', '', 'belum', 'belum', 'belum', 'default_profile.jpg'), ('15565106', '2015', '4', '31', 'Yono Hidayat', 'Yono', 'laki', 'Sawahlunto', '1989-05-03', 'Jr. Warga No. 608, Palopo 52323, BaBel', '084259933482', '', '', '', '', '', 'belum', 'belum', 'belum', 'default_profile.jpg'), ('15566312', '2015', '5', '32', 'Reksa Lestari', 'Reksa', 'laki', 'Administrasi Jakarta Timu', '1992-12-27', 'Jr. Basket No. 978, Langsa 37338, Aceh', '083144564352', '', '', '', '', '', 'belum', 'belum', 'belum', 'default_profile.jpg'), ('15571393', '2015', '2', '33', 'Victoria Uyainah', 'Victoria', 'perempuan', 'Palembang', '1976-04-06', 'Jln. Rajiman No. 405, Ambon 58844, Bengkulu', '086351876987', '', '', '', '', '', 'belum', 'belum', 'belum', 'default_profile.jpg'), ('15589936', '2015', '3', '40', 'Salimah Yuniar', 'Salimah', 'perempuan', 'Salatiga', '2007-06-19', 'Jln. Suharso No. 2, Padang 67971, KepR', '082459119444', '', '', '', '', '', 'belum', 'belum', 'belum', 'default_profile.jpg'), ('15591450', '2015', '4', '41', 'Lili Safitri', 'Lili', 'perempuan', 'Manado', '1980-12-26', 'Jr. Suryo No. 2, Binjai 57841, KepR', '086877933632', '', '', '', '', '', 'belum', 'belum', 'belum', 'default_profile.jpg'), ('15592150', '2015', '5', '42', 'Diah Gunawan', 'Diah', 'perempuan', 'Tangerang', '1982-07-13', 'Kpg. Achmad Yani No. 835, Cimahi 74627, SulUt', '081248329313', '', '', '', '', '', 'belum', 'belum', 'belum', 'default_profile.jpg'), ('15594200', '2015', '6', '43', 'Ivan Kurniawan', 'Ivan', 'laki', 'Kotamobagu', '2011-12-11', 'Ki. Cikutra Timur No. 364, Kupang 42863, KalTim', '084976803859', '', '', '', '', '', 'belum', 'belum', 'belum', 'default_profile.jpg'), ('15596027', '2015', '6', '44', 'Vicky Sihombing', 'Vicky', 'perempuan', 'Cilegon', '1981-05-29', 'Jr. Dewi Sartika No. 846, Bitung 73978, JaTeng', '088973539689', '', '', '', '', '', 'belum', 'belum', 'belum', 'default_profile.jpg'), ('15599434', '2015', '1', '50', 'Icha Zulkarnain', 'Icha', 'perempuan', 'Tanjung Pinang', '2000-06-06', 'Ki. Bagis Utama No. 525, Langsa 63222, Bali', '081368708385', '', '', '', '', '', 'belum', 'belum', 'belum', 'default_profile.jpg'), ('15599579', '2015', '2', '60', 'Paulin Wahyudin', 'Paulin', 'perempuan', 'Ternate', '1979-12-16', 'Ki. Raya Ujungberung No. 13, Surakarta 10016, SulBar', '088397418136', '', '', '', '', '', 'belum', 'belum', 'belum', 'default_profile.jpg'), ('15600254', '2015', '1', '61', 'Danuja Tampubolon', 'Danuja', 'laki', 'Tanjungbalai', '1999-06-08', 'Psr. Bah Jaya No. 572, Manado 70869, KalUt', '081899969319', '', '', '', '', '', 'belum', 'belum', 'belum', 'default_profile.jpg'), ('15616254', '2015', '2', '70', 'Gatot Thamrin', 'Gatot', 'laki', 'Padang', '2017-09-03', 'Kpg. Baja No. 121, Kediri 53652, Jambi', '081113894236', '', '', '', '', '', 'belum', 'belum', 'belum', 'default_profile.jpg'), ('15622493', '2015', '3', '71', 'Rika Handayani', 'Rika', 'perempuan', 'Jayapura', '1982-12-21', 'Jr. Madiun No. 444, Jayapura 58720, KepR', '084962581858', '', '', '', '', '', 'belum', 'belum', 'belum', 'default_profile.jpg'), ('15622540', '2015', '4', '72', 'Cornelia Pratiwi', 'Cornelia', 'perempuan', 'Prabumulih', '1976-07-26', 'Dk. Lembong No. 254, Tomohon 55873, KalBar', '083785687185', '', '', '', '', '', 'belum', 'belum', 'belum', 'default_profile.jpg'), ('15636165', '2015', '3', '10', 'Tirtayasa Uwais', 'Tirtayasa', 'laki', 'Cilegon', '1978-11-04', 'Jr. Suharso No. 874, Dumai 15472, Lampung', '083686847688', '', '', '', '', '', 'belum', 'belum', 'belum', 'default_profile.jpg'), ('15636536', '2015', '5', '20', 'Farhunnisa Sihotang', 'Farhunnisa', 'perempuan', 'Manado', '1971-02-08', 'Ki. Gatot Subroto No. 235, Banjarbaru 91043, SulBar', '087674806067', '', '', '', '', '', 'belum', 'belum', 'belum', 'default_profile.jpg'), ('15637141', '2015', '4', '21', 'Radika Marpaung', 'Radika', 'laki', 'Bogor', '1995-11-10', 'Ds. Labu No. 594, Jambi 14749, KepR', '088995509327', '', '', '', '', '', 'belum', 'belum', 'belum', 'default_profile.jpg'), ('15643060', '2015', '5', '22', 'Cakrabuana Puspita', 'Cakrabuana', 'laki', 'Sukabumi', '2014-08-05', 'Psr. Lada No. 690, Surakarta 31972, KalUt', '083649191877', '', '', '', '', '', 'belum', 'belum', 'belum', 'default_profile.jpg'), ('15653537', '2015', '6', '23', 'Maryadi Manullang', 'Maryadi', 'laki', 'Serang', '1984-06-08', 'Ds. Tubagus Ismail No. 431, Gorontalo 52400, Aceh', '086776712966', '', '', '', '', '', 'belum', 'belum', 'belum', 'default_profile.jpg'), ('15660238', '2015', '6', '24', 'Ani Saragih', 'Ani', 'perempuan', 'Medan', '1986-02-03', 'Ki. Mulyadi No. 104, Bandung 50461, BaBel', '083386912774', '', '', '', '', '', 'belum', 'belum', 'belum', 'default_profile.jpg'), ('15662903', '2015', '1', '30', 'Perkasa Laksita', 'Perkasa', 'laki', 'Salatiga', '2010-01-18', 'Gg. Rajawali Timur No. 239, Kupang 77962, KalSel', '083697942078', '', '', '', '', '', 'belum', 'belum', 'belum', 'default_profile.jpg'), ('15667304', '2015', '2', '31', 'Sabar Nasyidah', 'Sabar', 'laki', 'Bekasi', '2017-08-04', 'Ds. Baladewa No. 958, Dumai 38654, JaBar', '082320703720', '', '', '', '', '', 'belum', 'belum', 'belum', 'default_profile.jpg'), ('15673123', '2015', '1', '32', 'Talia Halimah', 'Talia', 'perempuan', 'Metro', '1986-02-18', 'Psr. Bagonwoto  No. 921, Administrasi Jakarta Utara 15446, KalTeng', '085548956368', '', '', '', '', '', 'belum', 'belum', 'belum', 'default_profile.jpg'), ('15673971', '2015', '3', '33', 'Caraka Hidayanto', 'Caraka', 'laki', 'Palembang', '1987-02-03', 'Ds. Tubagus Ismail No. 431, Batam 12429, Bali', '082531354020', '', '', '', '', '', 'belum', 'belum', 'belum', 'default_profile.jpg'), ('15674410', '2015', '2', '40', 'Titin Simbolon', 'Titin', 'perempuan', 'Palangka Raya', '2013-08-31', 'Dk. Bayan No. 201, Pontianak 80904, Gorontalo', '088840436278', '', '', '', '', '', 'belum', 'belum', 'belum', 'default_profile.jpg'), ('15675458', '2015', '3', '41', 'Diana Mayasari', 'Diana', 'perempuan', 'Salatiga', '1977-06-26', 'Psr. HOS. Cjokroaminoto (Pasirkaliki) No. 786, Bekasi 76166, Riau', '082031198389', '', '', '', '', '', 'belum', 'belum', 'belum', 'default_profile.jpg'), ('15681910', '2015', '4', '42', 'Nilam Pangestu', 'Nilam', 'perempuan', 'Jambi', '1980-07-18', 'Gg. Cikutra Barat No. 325, Mojokerto 55485, SumUt', '086320502445', '', '', '', '', '', 'belum', 'belum', 'belum', 'default_profile.jpg'), ('15684392', '2015', '5', '43', 'Zelaya Mansur', 'Zelaya', 'perempuan', 'Cirebon', '2009-12-01', 'Kpg. Thamrin No. 191, Tual 30398, KalTeng', '081653742552', '', '', '', '', '', 'belum', 'belum', 'belum', 'default_profile.jpg'), ('15686052', '2015', '4', '44', 'Makuta Nainggolan', 'Makuta', 'laki', 'Padang', '2004-12-11', 'Jr. Bakit  No. 854, Bau-Bau 75822, SulTra', '085193357253', '', '', '', '', '', 'belum', 'belum', 'belum', 'default_profile.jpg'), ('15705069', '2015', '5', '50', 'Vega Iswahyudi', 'Vega', 'laki', 'Administrasi Jakarta Sela', '1972-08-09', 'Jr. Ki Hajar Dewantara No. 83, Mojokerto 29368, SulTeng', '082675798656', '', '', '', '', '', 'belum', 'belum', 'belum', 'default_profile.jpg'), ('15705766', '2015', '6', '60', 'Yuni Waskita', 'Yuni', 'perempuan', 'Palangka Raya', '2003-10-29', 'Kpg. Sutami No. 800, Kupang 46265, KalSel', '086025149251', '', '', '', '', '', 'belum', 'belum', 'belum', 'default_profile.jpg'), ('15707476', '2015', '1', '61', 'Rina Jailani', 'Rina', 'perempuan', 'Tual', '1985-04-22', 'Ki. Baja Raya No. 113, Denpasar 64751, Gorontalo', '082679785985', '', '', '', '', '', 'belum', 'belum', 'belum', 'default_profile.jpg'), ('15721669', '2015', '6', '70', 'Danu Anggriawan', 'Danu', 'laki', 'Salatiga', '2011-09-20', 'Psr. Bak Mandi No. 780, Tasikmalaya 51197, MalUt', '083852812778', '', '', '', '', '', 'belum', 'belum', 'belum', 'default_profile.jpg'), ('15721913', '2015', '2', '71', 'Zulaikha Firgantoro', 'Zulaikha', 'perempuan', 'Malang', '2010-01-23', 'Jr. Baja Raya No. 126, Jayapura 49398, SumBar', '083950295392', '', '', '', '', '', 'belum', 'belum', 'belum', 'default_profile.jpg'), ('15729509', '2015', '3', '72', 'Bella Usada', 'Bella', 'perempuan', 'Pekanbaru', '1999-02-19', 'Jr. Wora Wari No. 757, Depok 86200, SulBar', '082362507771', '', '', '', '', '', 'belum', 'belum', 'belum', 'default_profile.jpg'), ('15746816', '2015', '4', '10', 'Gilda Nainggolan', 'Gilda', 'perempuan', 'Pontianak', '1999-12-15', 'Jr. Ters. Jakarta No. 419, Salatiga 29632, KalUt', '088254505020', '', '', '', '', '', 'belum', 'belum', 'belum', 'default_profile.jpg'), ('15753696', '2015', '5', '20', 'Tira Januar', 'Tira', 'perempuan', 'Tanjung Pinang', '2008-12-26', 'Jln. Haji No. 961, Sawahlunto 80706, Bali', '083333266392', '', '', '', '', '', 'belum', 'belum', 'belum', 'default_profile.jpg'), ('15759494', '2015', '1', '21', 'Kala Prasetya', 'Kala', 'laki', 'Bengkulu', '1996-11-24', 'Ki. Jambu No. 176, Serang 64381, SulBar', '082663964341', '', '', '', '', '', 'belum', 'belum', 'belum', 'default_profile.jpg'), ('15762533', '2015', '2', '22', 'Dono Lestari', 'Dono', 'laki', 'Banjar', '1991-02-10', 'Ds. Panjaitan No. 663, Tual 51634, BaBel', '083126806520', '', '', '', '', '', 'belum', 'belum', 'belum', 'default_profile.jpg'), ('15774728', '2015', '6', '23', 'Sarah Kuswoyo', 'Sarah', 'perempuan', 'Medan', '1983-07-19', 'Kpg. Sugiono No. 911, Pontianak 33816, NTB', '083947858491', '', '', '', '', '', 'belum', 'belum', 'belum', 'default_profile.jpg'), ('15788335', '2015', '3', '24', 'Upik Najmudin', 'Upik', 'laki', 'Cimahi', '2015-01-21', 'Kpg. Agus Salim No. 894, Samarinda 69817, Bali', '088194981226', '', '', '', '', '', 'belum', 'belum', 'belum', 'default_profile.jpg'), ('15789380', '2015', '1', '30', 'Hilda Wasita', 'Hilda', 'perempuan', 'Payakumbuh', '1979-06-12', 'Jr. Hang No. 12, Sorong 24009, MalUt', '088816399884', '', '', '', '', '', 'belum', 'belum', 'belum', 'default_profile.jpg'), ('15789697', '2015', '4', '31', 'Hartana Marpaung', 'Hartana', 'laki', 'Mataram', '2017-06-01', 'Ds. Rajiman No. 44, Payakumbuh 66507, Banten', '082891782315', '', '', '', '', '', 'belum', 'belum', 'belum', 'default_profile.jpg'), ('15824943', '2015', '2', '32', 'Syahrini Samosir', 'Syahrini', 'perempuan', 'Tarakan', '2001-11-26', 'Jln. B.Agam 1 No. 20, Pekalongan 25842, JaTim', '085916608375', '', '', '', '', '', 'belum', 'belum', 'belum', 'default_profile.jpg'), ('15828279', '2015', '5', '33', 'Viktor Napitupulu', 'Viktor', 'laki', 'Tangerang Selatan', '1987-01-08', 'Jr. Acordion No. 225, Mataram 96696, Riau', '086943932419', '', '', '', '', '', 'belum', 'belum', 'belum', 'default_profile.jpg'), ('15831882', '2015', '3', '40', 'Ika Firgantoro', 'Ika', 'perempuan', 'Subulussalam', '1972-09-26', 'Ki. Labu No. 556, Serang 74730, SulBar', '085933916393', '', '', '', '', '', 'belum', 'belum', 'belum', 'default_profile.jpg'), ('15837212', '2015', '6', '41', 'Irwan Hassanah', 'Irwan', 'laki', 'Cirebon', '1997-07-11', 'Jln. Raya Setiabudhi No. 763, Sukabumi 10041, MalUt', '083453986476', '', '', '', '', '', 'belum', 'belum', 'belum', 'default_profile.jpg'), ('15838882', '2015', '4', '42', 'Lidya Andriani', 'Lidya', 'perempuan', 'Subulussalam', '1973-07-13', 'Ds. Abdul No. 625, Palu 63905, SulUt', '087114255442', '', '', '', '', '', 'belum', 'belum', 'belum', 'default_profile.jpg'), ('15841318', '2015', '5', '43', 'Natalia Sudiati', 'Natalia', 'perempuan', 'Bima', '2001-07-25', 'Ki. Bakin No. 568, Tual 75590, SulTra', '086046328618', '', '', '', '', '', 'belum', 'belum', 'belum', 'default_profile.jpg'), ('15846005', '2015', '1', '44', 'Raihan Astuti', 'Raihan', 'laki', 'Banjarbaru', '1995-04-27', 'Kpg. Bass No. 201, Padangpanjang 30961, SulTra', '088050682785', '', '', '', '', '', 'belum', 'belum', 'belum', 'default_profile.jpg'), ('15848415', '2015', '2', '50', 'Cager Sihotang', 'Cager', 'laki', 'Gunungsitoli', '2009-03-04', 'Dk. Uluwatu No. 395, Cirebon 56438, Jambi', '082765234654', '', '', '', '', '', 'belum', 'belum', 'belum', 'default_profile.jpg'), ('15852096', '2015', '3', '60', 'Martani Halim', 'Martani', 'laki', 'Balikpapan', '1994-11-20', 'Jln. Eka No. 413, Banjarmasin 99616, Gorontalo', '085911505714', '', '', '', '', '', 'belum', 'belum', 'belum', 'default_profile.jpg'), ('15865969', '2015', '4', '61', 'Candra Pangestu', 'Candra', 'laki', 'Tasikmalaya', '1972-01-15', 'Psr. Adisucipto No. 818, Semarang 25503, SulUt', '088757373395', '', '', '', '', '', 'belum', 'belum', 'belum', 'default_profile.jpg'), ('15869388', '2015', '6', '70', 'Bella Pranowo', 'Bella', 'perempuan', 'Tanjung Pinang', '1987-06-17', 'Kpg. Yogyakarta No. 860, Medan 32075, Bali', '087538838769', '', '', '', '', '', 'belum', 'belum', 'belum', 'default_profile.jpg'), ('15869749', '2015', '5', '71', 'Bakti Sudiati', 'Bakti', 'laki', 'Tarakan', '2012-05-26', 'Gg. Qrisdoren No. 819, Bukittinggi 54249, KalSel', '085565319891', '', '', '', '', '', 'belum', 'belum', 'belum', 'default_profile.jpg'), ('15874156', '2015', '6', '72', 'Cayadi Pertiwi', 'Cayadi', 'laki', 'Yogyakarta', '1979-08-13', 'Dk. Basmol Raya No. 484, Bitung 17499, NTB', '084432909160', '', '', '', '', '', 'belum', 'belum', 'belum', 'default_profile.jpg'), ('15874275', '2015', '1', '10', 'Eman Puspasari', 'Eman', 'laki', 'Parepare', '2005-12-05', 'Psr. Bakau No. 839, Bandung 89741, MalUt', '082488291745', '', '', '', '', '', 'belum', 'belum', 'belum', 'default_profile.jpg'), ('15877699', '2015', '2', '20', 'Adika Sihombing', 'Adika', 'laki', 'Serang', '1990-10-15', 'Gg. Raya Setiabudhi No. 200, Ambon 36040, Bengkulu', '087018995749', '', '', '', '', '', 'belum', 'belum', 'belum', 'default_profile.jpg'), ('15878416', '2015', '3', '21', 'Elvin Irawan', 'Elvin', 'laki', 'Pagar Alam', '2008-12-21', 'Jln. Baabur Royan No. 780, Tegal 97194, SumBar', '086013564953', '', '', '', '', '', 'belum', 'belum', 'belum', 'default_profile.jpg'), ('15892172', '2015', '4', '22', 'Tasnim Nuraini', 'Tasnim', 'laki', 'Balikpapan', '2009-11-25', 'Kpg. Baja Raya No. 493, Pekanbaru 70702, SulBar', '086083564525', '', '', '', '', '', 'belum', 'belum', 'belum', 'default_profile.jpg'), ('15900153', '2015', '5', '23', 'Mustofa Zulkarnain', 'Mustofa', 'laki', 'Payakumbuh', '1982-10-16', 'Jr. B.Agam Dlm No. 702, Makassar 71845, KalTeng', '085787902737', '', '', '', '', '', 'belum', 'belum', 'belum', 'default_profile.jpg'), ('15901591', '2015', '6', '24', 'Umar Maryadi', 'Umar', 'laki', 'Palu', '1995-11-04', 'Psr. Yos No. 367, Mataram 69398, KalBar', '087524901468', '', '', '', '', '', 'belum', 'belum', 'belum', 'default_profile.jpg'), ('15904718', '2015', '1', '30', 'Vicky Damanik', 'Vicky', 'perempuan', 'Bontang', '2016-05-09', 'Ki. Tangkuban Perahu No. 926, Gunungsitoli 81209, SulSel', '088093129433', '', '', '', '', '', 'belum', 'belum', 'belum', 'default_profile.jpg'), ('15905527', '2015', '2', '31', 'Kamila Purwanti', 'Kamila', 'perempuan', 'Parepare', '2011-08-29', 'Ki. Ters. Kiaracondong No. 64, Administrasi Jakarta Pusat 68233, SulTeng', '083835164970', '', '', '', '', '', 'belum', 'belum', 'belum', 'default_profile.jpg'), ('15906468', '2015', '1', '32', 'Ridwan Wasita', 'Ridwan', 'laki', 'Bengkulu', '1988-11-02', 'Ki. Elang No. 791, Administrasi Jakarta Barat 68575, SumUt', '086573689424', '', '', '', '', '', 'belum', 'belum', 'belum', 'default_profile.jpg'), ('15909924', '2015', '3', '33', 'Dina Haryanti', 'Dina', 'perempuan', 'Tasikmalaya', '1992-02-13', 'Jr. Zamrud No. 887, Bandar Lampung 34410, KalBar', '083389893072', '', '', '', '', '', 'belum', 'belum', 'belum', 'default_profile.jpg'), ('15910434', '2015', '4', '40', 'Keisha Pertiwi', 'Keisha', 'perempuan', 'Mojokerto', '2014-05-30', 'Psr. Nakula No. 591, Kendari 69509, KalTeng', '086140934524', '', '', '', '', '', 'belum', 'belum', 'belum', 'default_profile.jpg'), ('15910917', '2015', '2', '41', 'Hendri Hastuti', 'Hendri', 'laki', 'Tarakan', '2009-05-27', 'Jr. Yap Tjwan Bing No. 379, Tebing Tinggi 67826, JaTeng', '086742804026', '', '', '', '', '', 'belum', 'belum', 'belum', 'default_profile.jpg'), ('15919631', '2015', '3', '42', 'Lamar Hutasoit', 'Lamar', 'laki', 'Solok', '2008-08-17', 'Ds. Wahidin No. 941, Bandung 66902, PapBar', '087745655265', '', '', '', '', '', 'belum', 'belum', 'belum', 'default_profile.jpg'), ('15923167', '2015', '5', '43', 'Novi Anggriawan', 'Novi', 'perempuan', 'Surakarta', '1981-01-12', 'Psr. Perintis Kemerdekaan No. 572, Padangsidempuan 68270, KepR', '085429382848', '', '', '', '', '', 'belum', 'belum', 'belum', 'default_profile.jpg'), ('15955057', '2015', '4', '44', 'Jarwa Iswahyudi', 'Jarwa', 'laki', 'Gorontalo', '1991-04-06', 'Psr. Ters. Buah Batu No. 363, Tasikmalaya 25042, Lampung', '085083441993', '', '', '', '', '', 'belum', 'belum', 'belum', 'default_profile.jpg'), ('15956533', '2015', '5', '50', 'Putu Siregar', 'Putu', 'laki', 'Surakarta', '2015-02-16', 'Jr. Soekarno Hatta No. 292, Samarinda 46358, Bengkulu', '084722446346', '', '', '', '', '', 'belum', 'belum', 'belum', 'default_profile.jpg'), ('15969565', '2015', '6', '60', 'Titin Mardhiyah', 'Titin', 'perempuan', 'Makassar', '1986-06-02', 'Psr. Elang No. 413, Tanjung Pinang 48939, SulSel', '087743525725', '', '', '', '', '', 'belum', 'belum', 'belum', 'default_profile.jpg'), ('15972226', '2015', '1', '61', 'Ayu Safitri', 'Ayu', 'perempuan', 'Magelang', '1989-03-26', 'Ki. Kebonjati No. 789, Bandung 92136, Gorontalo', '085942151320', '', '', '', '', '', 'belum', 'belum', 'belum', 'default_profile.jpg'), ('15976425', '2015', '2', '70', 'Agnes Kuswandari', 'Agnes', 'perempuan', 'Sorong', '2012-08-11', 'Jr. Bahagia  No. 355, Palu 79639, SumUt', '081339329352', '', '', '', '', '', 'belum', 'belum', 'belum', 'default_profile.jpg'), ('15981850', '2015', '3', '71', 'Titi Puspasari', 'Titi', 'perempuan', 'Bogor', '1982-02-19', 'Psr. Suniaraja No. 627, Banjar 55172, Bali', '087220919882', '', '', '', '', '', 'belum', 'belum', 'belum', 'default_profile.jpg'), ('15987960', '2015', '6', '72', 'Aditya Halim', 'Aditya', 'laki', 'Salatiga', '1974-06-10', 'Jr. Sentot Alibasa No. 7, Tanjung Pinang 74130, KalBar', '085792498566', '', '', '', '', '', 'belum', 'belum', 'belum', 'default_profile.jpg'), ('15995513', '2015', '4', '10', 'Zamira Sinaga', 'Zamira', 'perempuan', 'Semarang', '1981-01-13', 'Dk. Sutan Syahrir No. 452, Tegal 24801, Jambi', '083775588118', '', '', '', '', '', 'belum', 'belum', 'belum', 'default_profile.jpg');
INSERT INTO `t_mahasiswa` VALUES ('16002718', '2016', '5', '20', 'Najib Irawan', 'Najib', 'laki', 'Probolinggo', '1982-06-07', 'Ki. Adisucipto No. 16, Serang 66677, SumUt', '087433765860', '', '', '', '', '', 'belum', 'belum', 'belum', 'default_profile.jpg'), ('16008630', '2016', '6', '21', 'Umar Mansur', 'Umar', 'laki', 'Bandung', '1997-02-07', 'Jr. Madiun No. 215, Pekanbaru 26653, JaTeng', '087557781124', '', '', '', '', '', 'belum', 'belum', 'belum', 'default_profile.jpg'), ('16012017', '2016', '3', '22', 'Paris Halimah', 'Paris', 'perempuan', 'Balikpapan', '1989-01-23', 'Psr. Tentara Pelajar No. 929, Payakumbuh 50505, KepR', '081911394578', '', '', '', '', '', 'belum', 'belum', 'belum', 'default_profile.jpg'), ('16014405', '2016', '1', '23', 'Hendra Kusmawati', 'Hendra', 'laki', 'Balikpapan', '1973-09-13', 'Ds. Gegerkalong Hilir No. 76, Kendari 39483, Banten', '083481459112', '', '', '', '', '', 'belum', 'belum', 'belum', 'default_profile.jpg'), ('16014818', '2016', '4', '24', 'Zamira Hassanah', 'Zamira', 'perempuan', 'Medan', '1983-06-17', 'Kpg. Ciumbuleuit No. 40, Administrasi Jakarta Selatan 53875, Banten', '081241133575', '', '', '', '', '', 'belum', 'belum', 'belum', 'default_profile.jpg'), ('16021745', '2016', '2', '30', 'Caturangga Waluyo', 'Caturangga', 'laki', 'Dumai', '1982-07-05', 'Psr. Baranang No. 334, Tual 96466, KalSel', '083739555481', '', '', '', '', '', 'belum', 'belum', 'belum', 'default_profile.jpg'), ('16025700', '2016', '3', '31', 'Jarwadi Yulianti', 'Jarwadi', 'laki', 'Tanjung Pinang', '1979-09-29', 'Ds. Halim No. 999, Pangkal Pinang 45045, KalUt', '082456384137', '', '', '', '', '', 'belum', 'belum', 'belum', 'default_profile.jpg'), ('16028545', '2016', '4', '32', 'Yoga Laksmiwati', 'Yoga', 'laki', 'Langsa', '1981-03-21', 'Dk. K.H. Wahid Hasyim (Kopo) No. 602, Subulussalam 66333, SulBar', '087078352753', '', '', '', '', '', 'belum', 'belum', 'belum', 'default_profile.jpg'), ('16031304', '2016', '5', '33', 'Elma Suryatmi', 'Elma', 'perempuan', 'Sawahlunto', '1978-01-07', 'Jln. Astana Anyar No. 983, Probolinggo 63488, KalSel', '086287557553', '', '', '', '', '', 'belum', 'belum', 'belum', 'default_profile.jpg'), ('16035821', '2016', '5', '40', 'Jamil Novitasari', 'Jamil', 'laki', 'Bima', '1980-11-18', 'Ds. Adisumarmo No. 149, Singkawang 11130, KepR', '088697991861', '', '', '', '', '', 'belum', 'belum', 'belum', 'default_profile.jpg'), ('16037866', '2016', '6', '41', 'Vicky Iswahyudi', 'Vicky', 'perempuan', 'Palembang', '1988-01-10', 'Ds. Moch. Ramdan No. 263, Samarinda 66657, KalUt', '085858443172', '', '', '', '', '', 'belum', 'belum', 'belum', 'default_profile.jpg'), ('16038421', '2016', '1', '42', 'Paris Pradana', 'Paris', 'perempuan', 'Tegal', '1990-09-28', 'Jln. Bagis Utama No. 561, Madiun 99747, Riau', '087028752092', '', '', '', '', '', 'belum', 'belum', 'belum', 'default_profile.jpg'), ('16041715', '2016', '6', '43', 'Waluyo Zulkarnain', 'Waluyo', 'laki', 'Lubuklinggau', '1974-05-20', 'Dk. Bahagia No. 828, Tanjung Pinang 68442, Gorontalo', '082556153655', '', '', '', '', '', 'belum', 'belum', 'belum', 'default_profile.jpg'), ('16046856', '2016', '2', '44', 'Yunita Zulkarnain', 'Yunita', 'perempuan', 'Lhokseumawe', '1977-04-26', 'Ds. Nangka No. 488, Subulussalam 40903, KalTeng', '084491767383', '', '', '', '', '', 'belum', 'belum', 'belum', 'default_profile.jpg'), ('16057558', '2016', '3', '50', 'Almira Wibisono', 'Almira', 'perempuan', 'Samarinda', '1999-06-20', 'Psr. Gading No. 784, Bandar Lampung 69034, Papua', '086650511485', '', '', '', '', '', 'belum', 'belum', 'belum', 'default_profile.jpg'), ('16057937', '2016', '1', '60', 'Cahyo Fujiati', 'Cahyo', 'laki', 'Langsa', '1981-08-06', 'Ds. Sunaryo No. 542, Sorong 26082, SumUt', '087386591883', '', '', '', '', '', 'belum', 'belum', 'belum', 'default_profile.jpg'), ('16059997', '2016', '2', '61', 'Lembah Rajata', 'Lembah', 'laki', 'Dumai', '2005-02-20', 'Kpg. PHH. Mustofa No. 813, Administrasi Jakarta Utara 14864, JaTeng', '086670483555', '', '', '', '', '', 'belum', 'belum', 'belum', 'default_profile.jpg'), ('16064721', '2016', '4', '70', 'Maimunah Nababan', 'Maimunah', 'perempuan', 'Pariaman', '1988-07-24', 'Ds. W.R. Supratman No. 841, Jambi 19288, SumSel', '088937822031', '', '', '', '', '', 'belum', 'belum', 'belum', 'default_profile.jpg'), ('16094295', '2016', '5', '71', 'Gawati Mayasari', 'Gawati', 'perempuan', 'Batam', '1997-01-12', 'Psr. Bara No. 226, Malang 81884, Banten', '088323383790', '', '', '', '', '', 'belum', 'belum', 'belum', 'default_profile.jpg'), ('16111497', '2016', '6', '72', 'Fathonah Farida', 'Fathonah', 'perempuan', 'Banjarbaru', '2011-05-12', 'Dk. Juanda No. 929, Lubuklinggau 38486, SulUt', '083559467821', '', '', '', '', '', 'belum', 'belum', 'belum', 'default_profile.jpg'), ('16144514', '2016', '1', '10', 'Latika Firgantoro', 'Latika', 'perempuan', 'Prabumulih', '1985-09-26', 'Kpg. Ciumbuleuit No. 612, Sawahlunto 22667, DKI', '088988439378', '', '', '', '', '', 'belum', 'belum', 'belum', 'default_profile.jpg'), ('16152735', '2016', '2', '20', 'Gabriella Nasyidah', 'Gabriella', 'perempuan', 'Blitar', '1976-02-23', 'Ki. Kalimantan No. 804, Surabaya 18486, KalBar', '086169557650', '', '', '', '', '', 'belum', 'belum', 'belum', 'default_profile.jpg'), ('16153618', '2016', '3', '21', 'Kania Palastri', 'Kania', 'perempuan', 'Batu', '1993-10-14', 'Psr. Baja Raya No. 186, Dumai 62930, PapBar', '082143427432', '', '', '', '', '', 'belum', 'belum', 'belum', 'default_profile.jpg'), ('16158429', '2016', '4', '22', 'Maria Aryani', 'Maria', 'perempuan', 'Pangkal Pinang', '1994-09-30', 'Dk. Lumban Tobing No. 337, Bima 22070, SulTra', '083548407871', '', '', '', '', '', 'belum', 'belum', 'belum', 'default_profile.jpg'), ('16160705', '2016', '3', '23', 'Rahmat Tampubolon', 'Rahmat', 'laki', 'Dumai', '1998-01-16', 'Gg. Bahagia  No. 418, Palembang 93940, Jambi', '083181703194', '', '', '', '', '', 'belum', 'belum', 'belum', 'default_profile.jpg'), ('16174572', '2016', '4', '24', 'Daruna Wahyudin', 'Daruna', 'laki', 'Lhokseumawe', '1986-10-13', 'Jln. Imam Bonjol No. 651, Jambi 54158, JaTeng', '087259567135', '', '', '', '', '', 'belum', 'belum', 'belum', 'default_profile.jpg'), ('16178230', '2016', '5', '30', 'Cakrabuana Manullang', 'Cakrabuana', 'laki', 'Tanjung Pinang', '2014-04-07', 'Kpg. Sutoyo No. 147, Pekalongan 65171, Riau', '083442717346', '', '', '', '', '', 'belum', 'belum', 'belum', 'default_profile.jpg'), ('16182749', '2016', '5', '31', 'Dewi Maryati', 'Dewi', 'perempuan', 'Sibolga', '2008-07-26', 'Psr. Lembong No. 775, Tegal 15658, KalUt', '087954734376', '', '', '', '', '', 'belum', 'belum', 'belum', 'default_profile.jpg'), ('16183023', '2016', '6', '32', 'Bajragin Padmasari', 'Bajragin', 'laki', 'Bau-Bau', '1991-12-15', 'Ds. Bakin No. 742, Administrasi Jakarta Pusat 84862, NTT', '084951161326', '', '', '', '', '', 'belum', 'belum', 'belum', 'default_profile.jpg'), ('16184785', '2016', '1', '33', 'Jefri Widodo', 'Jefri', 'laki', 'Metro', '1994-07-14', 'Jln. Barasak No. 371, Padangpanjang 47144, JaBar', '082976968246', '', '', '', '', '', 'belum', 'belum', 'belum', 'default_profile.jpg'), ('16191055', '2016', '6', '40', 'Anita Wibisono', 'Anita', 'perempuan', 'Administrasi Jakarta Bara', '1985-02-28', 'Jr. PHH. Mustofa No. 966, Tidore Kepulauan 26462, SumSel', '084728881660', '', '', '', '', '', 'belum', 'belum', 'belum', 'default_profile.jpg'), ('16198479', '2016', '1', '41', 'Latika Yulianti', 'Latika', 'perempuan', 'Balikpapan', '2002-04-03', 'Jln. Pacuan Kuda No. 303, Denpasar 32473, SulTra', '085449513116', '', '', '', '', '', 'belum', 'belum', 'belum', 'default_profile.jpg'), ('16200838', '2016', '2', '42', 'Asirwada Prabowo', 'Asirwada', 'laki', 'Malang', '1984-08-08', 'Jln. Bagis Utama No. 939, Bitung 87382, KalUt', '087582184483', '', '', '', '', '', 'belum', 'belum', 'belum', 'default_profile.jpg'), ('16201127', '2016', '2', '43', 'Vera Permadi', 'Vera', 'perempuan', 'Tangerang Selatan', '2000-03-28', 'Dk. Pacuan Kuda No. 667, Tangerang 41826, JaBar', '084597457831', '', '', '', '', '', 'belum', 'belum', 'belum', 'default_profile.jpg'), ('16201140', '2016', '3', '44', 'Panca Jailani', 'Panca', 'laki', 'Palu', '1981-10-05', 'Ki. Bawal No. 477, Mataram 79924, Jambi', '084288759896', '', '', '', '', '', 'belum', 'belum', 'belum', 'default_profile.jpg'), ('16205999', '2016', '4', '50', 'Prabu Pradana', 'Prabu', 'laki', 'Cilegon', '1974-12-02', 'Jln. Elang No. 21, Manado 48809, Bali', '085951175514', '', '', '', '', '', 'belum', 'belum', 'belum', 'default_profile.jpg'), ('16206877', '2016', '3', '60', 'Keisha Wijaya', 'Keisha', 'perempuan', 'Administrasi Jakarta Utar', '2015-12-03', 'Gg. Raden Saleh No. 814, Kediri 70862, NTT', '082853895898', '', '', '', '', '', 'belum', 'belum', 'belum', 'default_profile.jpg'), ('16220744', '2016', '4', '61', 'Bella Sinaga', 'Bella', 'perempuan', 'Pasuruan', '1989-03-06', 'Psr. Krakatau No. 159, Makassar 27659, SumSel', '085717192814', '', '', '', '', '', 'belum', 'belum', 'belum', 'default_profile.jpg'), ('16224242', '2016', '5', '70', 'Lanjar Uwais', 'Lanjar', 'laki', 'Pekanbaru', '2016-09-08', 'Kpg. Casablanca No. 219, Langsa 77568, SumSel', '083039504674', '', '', '', '', '', 'belum', 'belum', 'belum', 'default_profile.jpg'), ('16226323', '2016', '6', '71', 'Arta Uyainah', 'Arta', 'laki', 'Palu', '1985-10-31', 'Jr. Flora No. 780, Tasikmalaya 32086, BaBel', '083918272024', '', '', '', '', '', 'belum', 'belum', 'belum', 'default_profile.jpg'), ('16235164', '2016', '5', '72', 'Bella Pratama', 'Bella', 'perempuan', 'Lhokseumawe', '1975-10-18', 'Kpg. Bass No. 995, Blitar 13167, JaBar', '081670244073', '', '', '', '', '', 'belum', 'belum', 'belum', 'default_profile.jpg'), ('16237804', '2016', '1', '10', 'Banawi Salahudin', 'Banawi', 'laki', 'Bogor', '1974-09-23', 'Jln. HOS. Cjokroaminoto (Pasirkaliki) No. 696, Banjar 14820, Gorontalo', '085721403727', '', '', '', '', '', 'belum', 'belum', 'belum', 'default_profile.jpg'), ('16237980', '2016', '6', '20', 'Tari Anggraini', 'Tari', 'perempuan', 'Ambon', '2006-03-25', 'Ds. Abdul. Muis No. 905, Administrasi Jakarta Utara 40092, Gorontalo', '081675486994', '', '', '', '', '', 'belum', 'belum', 'belum', 'default_profile.jpg'), ('16244603', '2016', '1', '21', 'Devi Situmorang', 'Devi', 'perempuan', 'Sawahlunto', '1994-04-23', 'Gg. Cokroaminoto No. 509, Sibolga 51284, SulUt', '081374671563', '', '', '', '', '', 'belum', 'belum', 'belum', 'default_profile.jpg'), ('16247040', '2016', '2', '22', 'Nalar Mandasari', 'Nalar', 'laki', 'Kendari', '2000-09-24', 'Dk. Suprapto No. 850, Batu 82371, Aceh', '081990549444', '', '', '', '', '', 'belum', 'belum', 'belum', 'default_profile.jpg'), ('16248716', '2016', '2', '23', 'Kania Mandasari', 'Kania', 'perempuan', 'Sawahlunto', '1993-01-28', 'Psr. Cokroaminoto No. 861, Bandar Lampung 13874, SumSel', '081655846186', '', '', '', '', '', 'belum', 'belum', 'belum', 'default_profile.jpg'), ('16251554', '2016', '3', '24', 'Sidiq Mahendra', 'Sidiq', 'laki', 'Magelang', '2004-03-25', 'Gg. Babah No. 846, Malang 65837, SumSel', '081362759263', '', '', '', '', '', 'belum', 'belum', 'belum', 'default_profile.jpg'), ('16255994', '2016', '4', '30', 'Empluk Permadi', 'Empluk', 'laki', 'Bekasi', '1995-11-07', 'Ki. Sunaryo No. 319, Dumai 83502, Aceh', '085018206243', '', '', '', '', '', 'belum', 'belum', 'belum', 'default_profile.jpg'), ('16258633', '2016', '5', '31', 'Jatmiko Mandasari', 'Jatmiko', 'laki', 'Ambon', '1984-04-13', 'Psr. Tambak No. 255, Parepare 61556, KalTim', '086678429643', '', '', '', '', '', 'belum', 'belum', 'belum', 'default_profile.jpg'), ('16271519', '2016', '6', '32', 'Vero Tarihoran', 'Vero', 'laki', 'Ternate', '1995-08-30', 'Kpg. Pattimura No. 222, Administrasi Jakarta Barat 98712, SumUt', '085951515088', '', '', '', '', '', 'belum', 'belum', 'belum', 'default_profile.jpg'), ('16278006', '2016', '1', '33', 'Argono Lestari', 'Argono', 'laki', 'Sibolga', '2006-12-25', 'Kpg. Ir. H. Juanda No. 684, Pekanbaru 48914, SulUt', '087846483137', '', '', '', '', '', 'belum', 'belum', 'belum', 'default_profile.jpg'), ('16286144', '2016', '3', '40', 'Safina Kusumo', 'Safina', 'perempuan', 'Pariaman', '2018-04-21', 'Kpg. Baik No. 733, Mojokerto 45450, SulTra', '088987764434', '', '', '', '', '', 'belum', 'belum', 'belum', 'default_profile.jpg'), ('16301623', '2016', '2', '41', 'Eka Saputra', 'Eka', 'laki', 'Tangerang Selatan', '2001-02-03', 'Psr. Rajawali No. 447, Palopo 42894, SulSel', '083662963227', '', '', '', '', '', 'belum', 'belum', 'belum', 'default_profile.jpg'), ('16304313', '2016', '3', '42', 'Digdaya Mayasari', 'Digdaya', 'laki', 'Ambon', '1974-02-21', 'Jln. Ujung No. 582, Sungai Penuh 67362, SumUt', '087438774044', '', '', '', '', '', 'belum', 'belum', 'belum', 'default_profile.jpg'), ('16307032', '2016', '4', '43', 'Vera Marpaung', 'Vera', 'perempuan', 'Tangerang', '1983-08-05', 'Gg. Sukajadi No. 660, Bekasi 30708, SulTra', '082298635670', '', '', '', '', '', 'belum', 'belum', 'belum', 'default_profile.jpg'), ('16313640', '2016', '5', '44', 'Oliva Rahimah', 'Oliva', 'perempuan', 'Bukittinggi', '1994-11-27', 'Ds. Gajah No. 711, Lubuklinggau 98017, JaTim', '082370363388', '', '', '', '', '', 'belum', 'belum', 'belum', 'default_profile.jpg'), ('16315669', '2016', '4', '50', 'Teddy Mayasari', 'Teddy', 'laki', 'Kendari', '2009-02-23', 'Ds. Baing No. 140, Bengkulu 72914, PapBar', '086577915594', '', '', '', '', '', 'belum', 'belum', 'belum', 'default_profile.jpg'), ('16326221', '2016', '5', '60', 'Edi Marbun', 'Edi', 'laki', 'Langsa', '1971-01-11', 'Jln. Basket No. 282, Pariaman 34815, Lampung', '086214708836', '', '', '', '', '', 'belum', 'belum', 'belum', 'default_profile.jpg'), ('16326295', '2016', '6', '61', 'Nyana Saefullah', 'Nyana', 'laki', 'Bitung', '2012-02-16', 'Ki. Nakula No. 597, Batu 86147, DIY', '088531298962', '', '', '', '', '', 'belum', 'belum', 'belum', 'default_profile.jpg'), ('16328046', '2016', '6', '70', 'Oliva Permata', 'Oliva', 'perempuan', 'Palu', '1987-10-11', 'Psr. Ketandan No. 2, Tanjungbalai 38672, KalSel', '081736689966', '', '', '', '', '', 'belum', 'belum', 'belum', 'default_profile.jpg'), ('16328424', '2016', '1', '71', 'Alika Haryanti', 'Alika', 'perempuan', 'Serang', '1992-07-18', 'Jr. Tubagus Ismail No. 873, Singkawang 77680, SulTeng', '081929766496', '', '', '', '', '', 'belum', 'belum', 'belum', 'default_profile.jpg'), ('16330509', '2016', '1', '72', 'Marsito Nurdiyanti', 'Marsito', 'laki', 'Salatiga', '2005-06-25', 'Dk. Samanhudi No. 785, Sorong 73982, DKI', '088470508592', '', '', '', '', '', 'belum', 'belum', 'belum', 'default_profile.jpg'), ('16334955', '2016', '2', '10', 'Dewi Hariyah', 'Dewi', 'perempuan', 'Bau-Bau', '1997-01-25', 'Dk. Gajah Mada No. 328, Cimahi 84920, NTB', '082421235747', '', '', '', '', '', 'belum', 'belum', 'belum', 'default_profile.jpg'), ('16343326', '2016', '3', '20', 'Dian Winarsih', 'Dian', 'perempuan', 'Pangkal Pinang', '1997-05-10', 'Psr. Peta No. 822, Tangerang 71622, SulSel', '083970893850', '', '', '', '', '', 'belum', 'belum', 'belum', 'default_profile.jpg'), ('16347937', '2016', '4', '21', 'Cinta Laksmiwati', 'Cinta', 'perempuan', 'Administrasi Jakarta Pusa', '1986-04-15', 'Jr. Bakau No. 660, Pekalongan 68612, Bengkulu', '082076801685', '', '', '', '', '', 'belum', 'belum', 'belum', 'default_profile.jpg'), ('16350980', '2016', '5', '22', 'Yani Riyanti', 'Yani', 'perempuan', 'Yogyakarta', '1973-05-22', 'Jr. Honggowongso No. 725, Batu 33615, Bali', '083814808618', '', '', '', '', '', 'belum', 'belum', 'belum', 'default_profile.jpg'), ('16357537', '2016', '2', '23', 'Okta Anggraini', 'Okta', 'laki', 'Gorontalo', '1971-03-24', 'Dk. Ir. H. Juanda No. 364, Administrasi Jakarta Pusat 92068, SulTra', '086994324211', '', '', '', '', '', 'belum', 'belum', 'belum', 'default_profile.jpg'), ('16358123', '2016', '3', '24', 'Dodo Padmasari', 'Dodo', 'laki', 'Yogyakarta', '1972-11-13', 'Jr. Gatot Subroto No. 933, Sawahlunto 31157, JaTim', '083760403489', '', '', '', '', '', 'belum', 'belum', 'belum', 'default_profile.jpg'), ('16359068', '2016', '4', '30', 'Kemba Nababan', 'Kemba', 'laki', 'Balikpapan', '2000-01-28', 'Jln. Gardujati No. 762, Salatiga 10662, SulSel', '082399301754', '', '', '', '', '', 'belum', 'belum', 'belum', 'default_profile.jpg'), ('16368780', '2016', '5', '31', 'Darman Lestari', 'Darman', 'laki', 'Surakarta', '2011-03-17', 'Ki. Samanhudi No. 919, Sibolga 49026, KalSel', '081858675157', '', '', '', '', '', 'belum', 'belum', 'belum', 'default_profile.jpg'), ('16375435', '2016', '6', '32', 'Gilda Maryadi', 'Gilda', 'perempuan', 'Magelang', '1974-09-08', 'Gg. Jambu No. 858, Kediri 98713, KepR', '084822889734', '', '', '', '', '', 'belum', 'belum', 'belum', 'default_profile.jpg'), ('16387287', '2016', '6', '33', 'Utama Anggraini', 'Utama', 'laki', 'Ternate', '1989-10-30', 'Dk. Kalimantan No. 214, Tebing Tinggi 54791, SulUt', '082518928442', '', '', '', '', '', 'belum', 'belum', 'belum', 'default_profile.jpg'), ('16388132', '2016', '1', '40', 'Septi Kuswoyo', 'Septi', 'perempuan', 'Sibolga', '2010-01-26', 'Psr. Gambang No. 237, Pangkal Pinang 50819, Bali', '082033698077', '', '', '', '', '', 'belum', 'belum', 'belum', 'default_profile.jpg'), ('16391254', '2016', '2', '41', 'Zelda Pradana', 'Zelda', 'perempuan', 'Subulussalam', '2003-06-25', 'Jr. Sugiono No. 266, Banjarmasin 95315, Papua', '087443609344', '', '', '', '', '', 'belum', 'belum', 'belum', 'default_profile.jpg'), ('16396752', '2016', '3', '42', 'Dewi Hasanah', 'Dewi', 'perempuan', 'Gorontalo', '1975-01-07', 'Psr. Ters. Buah Batu No. 99, Banjar 22703, DIY', '086143553141', '', '', '', '', '', 'belum', 'belum', 'belum', 'default_profile.jpg'), ('16401672', '2016', '1', '43', 'Lanjar Saragih', 'Lanjar', 'laki', 'Blitar', '2000-12-15', 'Dk. Abdul Rahmat No. 93, Banjarbaru 89757, SulBar', '082785846772', '', '', '', '', '', 'belum', 'belum', 'belum', 'default_profile.jpg'), ('16402042', '2016', '2', '44', 'Nugraha Sihombing', 'Nugraha', 'laki', 'Ambon', '1987-07-30', 'Jln. Merdeka No. 985, Sungai Penuh 53460, SulUt', '085547958698', '', '', '', '', '', 'belum', 'belum', 'belum', 'default_profile.jpg'), ('16403023', '2016', '3', '50', 'Dalimin Prasasta', 'Dalimin', 'laki', 'Gorontalo', '2000-06-05', 'Gg. Pahlawan No. 767, Tanjung Pinang 37617, KalSel', '083351553878', '', '', '', '', '', 'belum', 'belum', 'belum', 'default_profile.jpg'), ('16403329', '2016', '4', '60', 'Shakila Simanjuntak', 'Shakila', 'perempuan', 'Tasikmalaya', '1976-05-16', 'Jr. Basket No. 955, Tomohon 10306, SulTra', '087790707898', '', '', '', '', '', 'belum', 'belum', 'belum', 'default_profile.jpg'), ('16407606', '2016', '5', '61', 'Kania Puspasari', 'Kania', 'perempuan', 'Cirebon', '2011-05-04', 'Jln. M.T. Haryono No. 37, Tangerang Selatan 97648, Lampung', '082874216543', '', '', '', '', '', 'belum', 'belum', 'belum', 'default_profile.jpg'), ('16408545', '2016', '6', '70', 'Salimah Saefullah', 'Salimah', 'perempuan', 'Metro', '2001-07-25', 'Jln. Rajawali Barat No. 475, Blitar 51013, DIY', '083879494444', '', '', '', '', '', 'belum', 'belum', 'belum', 'default_profile.jpg'), ('16426824', '2016', '4', '71', 'Unggul Yuniar', 'Unggul', 'laki', 'Kotamobagu', '1987-11-14', 'Kpg. Dahlia No. 420, Semarang 10179, JaTim', '087792367760', '', '', '', '', '', 'belum', 'belum', 'belum', 'default_profile.jpg'), ('16434283', '2016', '5', '72', 'Maryadi Permadi', 'Maryadi', 'laki', 'Malang', '1975-01-21', 'Dk. Madrasah No. 853, Cimahi 18638, Bali', '084328216172', '', '', '', '', '', 'belum', 'belum', 'belum', 'default_profile.jpg'), ('16440189', '2016', '6', '10', 'Adinata Astuti', 'Adinata', 'laki', 'Cimahi', '1980-02-20', 'Psr. Ters. Pasir Koja No. 34, Madiun 21172, SulBar', '084378449924', '', '', '', '', '', 'belum', 'belum', 'belum', 'default_profile.jpg'), ('16446527', '2016', '1', '20', 'Kambali Wibowo', 'Kambali', 'laki', 'Probolinggo', '2007-01-22', 'Gg. S. Parman No. 758, Bekasi 19949, JaBar', '083257946599', '', '', '', '', '', 'belum', 'belum', 'belum', 'default_profile.jpg'), ('16451028', '2016', '2', '21', 'Adiarja Palastri', 'Adiarja', 'laki', 'Kotamobagu', '1976-01-11', 'Psr. Imam No. 146, Gorontalo 80369, SulBar', '083519539714', '', '', '', '', '', 'belum', 'belum', 'belum', 'default_profile.jpg'), ('16454444', '2016', '3', '22', 'Naradi Widodo', 'Naradi', 'laki', 'Makassar', '1993-12-09', 'Ki. Ekonomi No. 299, Langsa 51314, KalBar', '087429421496', '', '', '', '', '', 'belum', 'belum', 'belum', 'default_profile.jpg'), ('16466988', '2016', '1', '23', 'Nilam Pradipta', 'Nilam', 'perempuan', 'Cirebon', '1989-09-06', 'Kpg. K.H. Wahid Hasyim (Kopo) No. 188, Tasikmalaya 49248, Riau', '083823537020', '', '', '', '', '', 'belum', 'belum', 'belum', 'default_profile.jpg'), ('16473343', '2016', '4', '24', 'Prayogo Zulkarnain', 'Prayogo', 'laki', 'Binjai', '2016-12-29', 'Dk. Abdul. Muis No. 687, Ternate 82311, KalTeng', '088370616846', '', '', '', '', '', 'belum', 'belum', 'belum', 'default_profile.jpg'), ('16480735', '2016', '5', '30', 'Pranata Novitasari', 'Pranata', 'laki', 'Ambon', '1989-09-20', 'Jln. Gading No. 912, Surakarta 14988, SulSel', '083673821680', '', '', '', '', '', 'belum', 'belum', 'belum', 'default_profile.jpg'), ('16491412', '2016', '6', '31', 'Tugiman Nurdiyanti', 'Tugiman', 'laki', 'Subulussalam', '2012-09-15', 'Ds. Pelajar Pejuang 45 No. 2, Padangsidempuan 94976, Papua', '085934514862', '', '', '', '', '', 'belum', 'belum', 'belum', 'default_profile.jpg'), ('16499412', '2016', '2', '32', 'Talia Irawan', 'Talia', 'perempuan', 'Administrasi Jakarta Pusa', '2009-05-11', 'Gg. Rumah Sakit No. 395, Cimahi 10529, Papua', '084526532113', '', '', '', '', '', 'belum', 'belum', 'belum', 'default_profile.jpg'), ('16501352', '2016', '3', '33', 'Maria Yolanda', 'Maria', 'perempuan', 'Parepare', '1987-02-07', 'Gg. Ters. Pasir Koja No. 136, Banjarmasin 37446, MalUt', '086061272227', '', '', '', '', '', 'belum', 'belum', 'belum', 'default_profile.jpg'), ('16505652', '2016', '1', '40', 'Adika Sihombing', 'Adika', 'laki', 'Pariaman', '1981-10-23', 'Jr. Yos Sudarso No. 734, Banjar 40835, DKI', '087933244083', '', '', '', '', '', 'belum', 'belum', 'belum', 'default_profile.jpg'), ('16516741', '2016', '4', '41', 'Juli Riyanti', 'Juli', 'perempuan', 'Pagar Alam', '2009-02-08', 'Psr. R.M. Said No. 811, Pematangsiantar 97219, KalUt', '082392162094', '', '', '', '', '', 'belum', 'belum', 'belum', 'default_profile.jpg'), ('16516966', '2016', '2', '42', 'Jamil Habibi', 'Jamil', 'laki', 'Serang', '1975-03-17', 'Gg. Bakti No. 35, Tebing Tinggi 25628, SulTeng', '084499135915', '', '', '', '', '', 'belum', 'belum', 'belum', 'default_profile.jpg'), ('16519635', '2016', '3', '43', 'Paiman Sirait', 'Paiman', 'laki', 'Subulussalam', '1977-07-21', 'Dk. Achmad No. 86, Tegal 63853, DKI', '082711632894', '', '', '', '', '', 'belum', 'belum', 'belum', 'default_profile.jpg'), ('16523260', '2016', '5', '44', 'Elma Ardianto', 'Elma', 'perempuan', 'Tegal', '1973-09-20', 'Jln. Sutoyo No. 872, Cirebon 22819, MalUt', '087545957281', '', '', '', '', '', 'belum', 'belum', 'belum', 'default_profile.jpg'), ('16526245', '2016', '6', '50', 'Febi Kuswandari', 'Febi', 'perempuan', 'Probolinggo', '2012-03-04', 'Dk. Raden No. 524, Medan 16983, Aceh', '083132736785', '', '', '', '', '', 'belum', 'belum', 'belum', 'default_profile.jpg'), ('16540930', '2016', '4', '60', 'Jayeng Prayoga', 'Jayeng', 'laki', 'Makassar', '1974-11-13', 'Psr. Baranang Siang No. 286, Madiun 85853, Banten', '085130397968', '', '', '', '', '', 'belum', 'belum', 'belum', 'default_profile.jpg');
INSERT INTO `t_mahasiswa` VALUES ('16549572', '2016', '1', '61', 'Jessica Laksita', 'Jessica', 'perempuan', 'Pagar Alam', '1972-08-28', 'Gg. Cikutra Timur No. 407, Bitung 80801, KalBar', '087728961537', '', '', '', '', '', 'belum', 'belum', 'belum', 'default_profile.jpg'), ('16555596', '2016', '2', '70', 'Patricia Oktaviani', 'Patricia', 'perempuan', 'Pekanbaru', '2011-06-15', 'Dk. Ikan No. 831, Pariaman 20201, SumSel', '088334914385', '', '', '', '', '', 'belum', 'belum', 'belum', 'default_profile.jpg'), ('16561294', '2016', '5', '71', 'Pranata Januar', 'Pranata', 'laki', 'Medan', '2002-01-15', 'Dk. Wora Wari No. 399, Bau-Bau 63625, JaBar', '087741469431', '', '', '', '', '', 'belum', 'belum', 'belum', 'default_profile.jpg'), ('16569652', '2016', '6', '72', 'Ibrahim Prastuti', 'Ibrahim', 'laki', 'Makassar', '1985-04-27', 'Ki. Yoga No. 429, Padang 47075, DIY', '081765766041', '', '', '', '', '', 'belum', 'belum', 'belum', 'default_profile.jpg'), ('16582696', '2016', '3', '10', 'Intan Wahyuni', 'Intan', 'perempuan', 'Tarakan', '2001-10-19', 'Kpg. Eka No. 757, Langsa 62992, JaTeng', '083525381213', '', '', '', '', '', 'belum', 'belum', 'belum', 'default_profile.jpg'), ('16583271', '2016', '4', '20', 'Queen Hardiansyah', 'Queen', 'perempuan', 'Magelang', '2015-06-10', 'Jr. Basoka No. 741, Tasikmalaya 41937, DKI', '084137549063', '', '', '', '', '', 'belum', 'belum', 'belum', 'default_profile.jpg'), ('16584599', '2016', '5', '21', 'Sakura Wijaya', 'Sakura', 'perempuan', 'Bekasi', '2017-12-05', 'Ds. Bambon No. 124, Mojokerto 35311, BaBel', '087532465612', '', '', '', '', '', 'belum', 'belum', 'belum', 'default_profile.jpg'), ('16591030', '2016', '1', '22', 'Wisnu Mardhiyah', 'Wisnu', 'laki', 'Pematangsiantar', '2003-08-06', 'Psr. HOS. Cjokroaminoto (Pasirkaliki) No. 72, Pekalongan 39493, PapBar', '083548867764', '', '', '', '', '', 'belum', 'belum', 'belum', 'default_profile.jpg'), ('16596726', '2016', '6', '23', 'Genta Lailasari', 'Genta', 'perempuan', 'Padangsidempuan', '2005-11-04', 'Ds. Abdul Rahmat No. 183, Administrasi Jakarta Barat 51595, KalTeng', '084799816293', '', '', '', '', '', 'belum', 'belum', 'belum', 'default_profile.jpg'), ('16613604', '2016', '1', '24', 'Nadia Hartati', 'Nadia', 'perempuan', 'Tanjung Pinang', '1970-12-05', 'Psr. Baya Kali Bungur No. 647, Sorong 37872, SulTeng', '083021965648', '', '', '', '', '', 'belum', 'belum', 'belum', 'default_profile.jpg'), ('16614276', '2016', '2', '30', 'Rangga Yuliarti', 'Rangga', 'laki', 'Bekasi', '1972-09-03', 'Ki. Baladewa No. 522, Gorontalo 44977, Bali', '088519926199', '', '', '', '', '', 'belum', 'belum', 'belum', 'default_profile.jpg'), ('16618876', '2016', '3', '31', 'Satya Pertiwi', 'Satya', 'laki', 'Padang', '1976-04-15', 'Kpg. Eka No. 660, Tangerang Selatan 57228, MalUt', '082819669485', '', '', '', '', '', 'belum', 'belum', 'belum', 'default_profile.jpg'), ('16622605', '2016', '4', '32', 'Nardi Uwais', 'Nardi', 'laki', 'Ambon', '1977-11-16', 'Gg. Rajawali Barat No. 335, Sorong 53692, Bengkulu', '085558272534', '', '', '', '', '', 'belum', 'belum', 'belum', 'default_profile.jpg'), ('16625619', '2016', '5', '33', 'Ganda Widodo', 'Ganda', 'laki', 'Administrasi Jakarta Sela', '1989-01-10', 'Jr. Bah Jaya No. 691, Bontang 16344, SulSel', '083069137794', '', '', '', '', '', 'belum', 'belum', 'belum', 'default_profile.jpg'), ('16639583', '2016', '6', '40', 'Bakiman Mandasari', 'Bakiman', 'laki', 'Singkawang', '2012-11-17', 'Ds. Raya Ujungberung No. 704, Administrasi Jakarta Selatan 49076, Lampung', '083942815158', '', '', '', '', '', 'belum', 'belum', 'belum', 'default_profile.jpg'), ('16646262', '2016', '1', '41', 'Wadi Pratama', 'Wadi', 'laki', 'Salatiga', '1998-06-20', 'Psr. Gatot Subroto No. 850, Cirebon 54374, NTB', '086117473878', '', '', '', '', '', 'belum', 'belum', 'belum', 'default_profile.jpg'), ('16646335', '2016', '2', '42', 'Paris Prasasta', 'Paris', 'perempuan', 'Bengkulu', '2002-09-23', 'Psr. Wora Wari No. 77, Pangkal Pinang 96737, DIY', '081463855083', '', '', '', '', '', 'belum', 'belum', 'belum', 'default_profile.jpg'), ('16646855', '2016', '3', '43', 'Humaira Fujiati', 'Humaira', 'perempuan', 'Gunungsitoli', '1992-04-26', 'Dk. Ekonomi No. 541, Sabang 68793, Bali', '087884366413', '', '', '', '', '', 'belum', 'belum', 'belum', 'default_profile.jpg'), ('16656665', '2016', '2', '44', 'Dono Laksmiwati', 'Dono', 'laki', 'Pariaman', '2012-07-30', 'Ds. Achmad Yani No. 828, Padangpanjang 61537, Lampung', '086192308512', '', '', '', '', '', 'belum', 'belum', 'belum', 'default_profile.jpg'), ('16671207', '2016', '3', '50', 'Irsad Halim', 'Irsad', 'laki', 'Batu', '1970-07-23', 'Ki. Asia Afrika No. 701, Denpasar 61813, SulSel', '083594338548', '', '', '', '', '', 'belum', 'belum', 'belum', 'default_profile.jpg'), ('16671823', '2016', '4', '60', 'Edison Rahimah', 'Edison', 'laki', 'Pekalongan', '1971-10-27', 'Kpg. Basuki Rahmat  No. 448, Langsa 42014, SulTeng', '085766133868', '', '', '', '', '', 'belum', 'belum', 'belum', 'default_profile.jpg'), ('16675583', '2016', '4', '61', 'Sakura Kuswoyo', 'Sakura', 'perempuan', 'Madiun', '1983-02-18', 'Gg. Basoka Raya No. 900, Cilegon 65800, SulSel', '087167154476', '', '', '', '', '', 'belum', 'belum', 'belum', 'default_profile.jpg'), ('16676196', '2016', '5', '70', 'Hamima Widiastuti', 'Hamima', 'perempuan', 'Banjar', '2009-06-29', 'Jr. Jend. A. Yani No. 873, Bandar Lampung 23423, BaBel', '087815398058', '', '', '', '', '', 'belum', 'belum', 'belum', 'default_profile.jpg'), ('16686944', '2016', '6', '71', 'Intan Palastri', 'Intan', 'perempuan', 'Tanjungbalai', '2018-03-20', 'Dk. Babadan No. 169, Lubuklinggau 21446, Jambi', '088521482566', '', '', '', '', '', 'belum', 'belum', 'belum', 'default_profile.jpg'), ('16694649', '2016', '5', '72', 'Gatra Hidayanto', 'Gatra', 'laki', 'Metro', '1970-09-08', 'Ds. Sukajadi No. 696, Jambi 62282, JaTeng', '088478568999', '', '', '', '', '', 'belum', 'belum', 'belum', 'default_profile.jpg'), ('16705686', '2016', '1', '10', 'Olivia Wijayanti', 'Olivia', 'perempuan', 'Sabang', '1987-11-29', 'Ki. Radio No. 387, Mataram 58528, SulUt', '087394926758', '', '', '', '', '', 'belum', 'belum', 'belum', 'default_profile.jpg'), ('16706444', '2016', '6', '20', 'Pangestu Safitri', 'Pangestu', 'laki', 'Bekasi', '1979-10-17', 'Kpg. Yosodipuro No. 28, Sibolga 86333, SulTeng', '083999819341', '', '', '', '', '', 'belum', 'belum', 'belum', 'default_profile.jpg'), ('16710081', '2016', '1', '21', 'Pangeran Simanjuntak', 'Pangeran', 'laki', 'Lubuklinggau', '2007-12-30', 'Gg. Yos Sudarso No. 719, Depok 82317, Aceh', '082258605474', '', '', '', '', '', 'belum', 'belum', 'belum', 'default_profile.jpg'), ('16713433', '2016', '2', '22', 'Abyasa Mulyani', 'Abyasa', 'laki', 'Banda Aceh', '2014-02-19', 'Dk. Banal No. 11, Pagar Alam 78488, KalUt', '084021306965', '', '', '', '', '', 'belum', 'belum', 'belum', 'default_profile.jpg'), ('16714819', '2016', '3', '23', 'Panca Farida', 'Panca', 'laki', 'Administrasi Jakarta Pusa', '1984-11-30', 'Ds. Banda No. 748, Bukittinggi 31183, PapBar', '081923471431', '', '', '', '', '', 'belum', 'belum', 'belum', 'default_profile.jpg'), ('16715971', '2016', '4', '24', 'Jarwadi Pradipta', 'Jarwadi', 'laki', 'Balikpapan', '1989-07-24', 'Kpg. Sutarto No. 696, Tebing Tinggi 51378, Aceh', '084875961380', '', '', '', '', '', 'belum', 'belum', 'belum', 'default_profile.jpg'), ('16716445', '2016', '2', '30', 'Zelda Handayani', 'Zelda', 'perempuan', 'Pagar Alam', '1996-01-04', 'Gg. Sudiarto No. 640, Sabang 84562, Bengkulu', '087163241997', '', '', '', '', '', 'belum', 'belum', 'belum', 'default_profile.jpg'), ('16716920', '2016', '3', '31', 'Victoria Wahyuni', 'Victoria', 'perempuan', 'Subulussalam', '1980-09-20', 'Ds. Baiduri No. 47, Medan 57461, DKI', '082266229046', '', '', '', '', '', 'belum', 'belum', 'belum', 'default_profile.jpg'), ('16725333', '2016', '5', '32', 'Latif Andriani', 'Latif', 'laki', 'Mataram', '2012-09-06', 'Ds. Jambu No. 223, Mojokerto 33720, Bengkulu', '086827633837', '', '', '', '', '', 'belum', 'belum', 'belum', 'default_profile.jpg'), ('16730150', '2016', '6', '33', 'Hasta Hutapea', 'Hasta', 'laki', 'Bukittinggi', '1978-01-10', 'Jln. Moch. Toha No. 885, Sibolga 66070, NTB', '086035828731', '', '', '', '', '', 'belum', 'belum', 'belum', 'default_profile.jpg'), ('16733531', '2016', '4', '40', 'Agnes Widiastuti', 'Agnes', 'perempuan', 'Solok', '2011-02-01', 'Ds. Padma No. 574, Padang 95450, SulTeng', '084381812653', '', '', '', '', '', 'belum', 'belum', 'belum', 'default_profile.jpg'), ('16737215', '2016', '5', '41', 'Zaenab Sudiati', 'Zaenab', 'perempuan', 'Administrasi Jakarta Pusa', '1971-05-27', 'Ds. Gardujati No. 842, Tangerang Selatan 91145, DKI', '081639124061', '', '', '', '', '', 'belum', 'belum', 'belum', 'default_profile.jpg'), ('16738600', '2016', '1', '42', 'Setya Halim', 'Setya', 'laki', 'Padangsidempuan', '1986-03-14', 'Jln. Sugiono No. 122, Bima 77999, BaBel', '084924131495', '', '', '', '', '', 'belum', 'belum', 'belum', 'default_profile.jpg'), ('16741271', '2016', '6', '43', 'Anastasia Nainggolan', 'Anastasia', 'perempuan', 'Banjar', '1985-10-24', 'Ds. Ronggowarsito No. 520, Gorontalo 90165, KepR', '084916497879', '', '', '', '', '', 'belum', 'belum', 'belum', 'default_profile.jpg'), ('16745847', '2016', '1', '44', 'Aurora Sinaga', 'Aurora', 'perempuan', 'Magelang', '1975-06-03', 'Ki. Babadak No. 816, Banjarmasin 40155, SulTeng', '082744949175', '', '', '', '', '', 'belum', 'belum', 'belum', 'default_profile.jpg'), ('16748146', '2016', '2', '50', 'Indah Yulianti', 'Indah', 'perempuan', 'Administrasi Jakarta Sela', '1983-11-14', 'Ki. Astana Anyar No. 976, Singkawang 55300, Aceh', '086857573375', '', '', '', '', '', 'belum', 'belum', 'belum', 'default_profile.jpg'), ('16748562', '2016', '2', '60', 'Hardana Sinaga', 'Hardana', 'laki', 'Prabumulih', '1980-03-31', 'Dk. Halim No. 71, Batam 15870, SumBar', '088194347525', '', '', '', '', '', 'belum', 'belum', 'belum', 'default_profile.jpg'), ('16755698', '2016', '3', '61', 'Balidin Budiyanto', 'Balidin', 'laki', 'Kediri', '2002-01-11', 'Dk. Babadan No. 373, Banjar 55193, KalSel', '085849565512', '', '', '', '', '', 'belum', 'belum', 'belum', 'default_profile.jpg'), ('16757927', '2016', '4', '70', 'Jinawi Simbolon', 'Jinawi', 'laki', 'Cimahi', '2015-11-25', 'Jln. Tubagus Ismail No. 127, Administrasi Jakarta Utara 28580, JaTim', '088043844066', '', '', '', '', '', 'belum', 'belum', 'belum', 'default_profile.jpg'), ('16765372', '2016', '3', '71', 'Jessica Winarno', 'Jessica', 'perempuan', 'Subulussalam', '1984-02-14', 'Gg. Bah Jaya No. 411, Pekalongan 38240, KalTeng', '084082536745', '', '', '', '', '', 'belum', 'belum', 'belum', 'default_profile.jpg'), ('16787352', '2016', '5', '72', 'Omar Pratama', 'Omar', 'laki', 'Kotamobagu', '2014-06-13', 'Ki. Kusmanto No. 702, Pematangsiantar 90795, SumBar', '085331599035', '', '', '', '', '', 'belum', 'belum', 'belum', 'default_profile.jpg'), ('16787787', '2016', '6', '10', 'Raden Ramadan', 'Raden', 'laki', 'Banjar', '1974-02-25', 'Ds. Bappenas No. 926, Tarakan 39347, NTB', '088670528264', '', '', '', '', '', 'belum', 'belum', 'belum', 'default_profile.jpg'), ('16788597', '2016', '4', '20', 'Fitriani Uwais', 'Fitriani', 'perempuan', 'Tarakan', '2012-10-19', 'Ds. Babah No. 343, Padang 97320, JaTeng', '085797649733', '', '', '', '', '', 'belum', 'belum', 'belum', 'default_profile.jpg'), ('16796978', '2016', '1', '21', 'Ilyas Dabukke', 'Ilyas', 'laki', 'Tangerang', '1989-11-20', 'Kpg. Antapani Lama No. 689, Bima 65256, Bali', '087575975154', '', '', '', '', '', 'belum', 'belum', 'belum', 'default_profile.jpg'), ('16798764', '2016', '5', '22', 'Shania Hasanah', 'Shania', 'perempuan', 'Surakarta', '2006-02-22', 'Kpg. Industri No. 625, Tual 55068, JaTim', '087256405318', '', '', '', '', '', 'belum', 'belum', 'belum', 'default_profile.jpg'), ('16800703', '2016', '6', '23', 'Puspa Yuliarti', 'Puspa', 'perempuan', 'Manado', '2014-04-10', 'Gg. B.Agam 1 No. 13, Tual 98541, KalTeng', '084432863490', '', '', '', '', '', 'belum', 'belum', 'belum', 'default_profile.jpg'), ('16805154', '2016', '2', '24', 'Ega Yuliarti', 'Ega', 'laki', 'Balikpapan', '1986-04-01', 'Gg. Baung No. 406, Jambi 78628, MalUt', '085053819362', '', '', '', '', '', 'belum', 'belum', 'belum', 'default_profile.jpg'), ('16806091', '2016', '3', '30', 'Jayeng Sudiati', 'Jayeng', 'laki', 'Ambon', '1984-06-01', 'Jln. Suryo No. 290, Palopo 62751, JaTim', '085792327358', '', '', '', '', '', 'belum', 'belum', 'belum', 'default_profile.jpg'), ('16809939', '2016', '4', '31', 'Cahya Nasyidah', 'Cahya', 'laki', 'Pangkal Pinang', '1970-06-09', 'Ki. Wahid Hasyim No. 767, Solok 87813, Aceh', '087695987073', '', '', '', '', '', 'belum', 'belum', 'belum', 'default_profile.jpg'), ('16813194', '2016', '5', '32', 'Rosman Lestari', 'Rosman', 'laki', 'Banda Aceh', '1985-03-30', 'Ki. Bayam No. 835, Bandar Lampung 51201, BaBel', '082121478547', '', '', '', '', '', 'belum', 'belum', 'belum', 'default_profile.jpg'), ('16815656', '2016', '6', '33', 'Bala Laksita', 'Bala', 'laki', 'Pagar Alam', '1971-07-15', 'Jr. Pacuan Kuda No. 358, Serang 98159, NTT', '084814781863', '', '', '', '', '', 'belum', 'belum', 'belum', 'default_profile.jpg'), ('16826781', '2016', '1', '40', 'Putri Puspita', 'Putri', 'perempuan', 'Padangpanjang', '1996-10-16', 'Dk. Sugiono No. 270, Gunungsitoli 30604, Maluku', '082752361948', '', '', '', '', '', 'belum', 'belum', 'belum', 'default_profile.jpg'), ('16831040', '2016', '2', '41', 'Ratih Mustofa', 'Ratih', 'perempuan', 'Jambi', '2004-01-22', 'Jln. Soekarno Hatta No. 686, Bengkulu 11733, BaBel', '085278501345', '', '', '', '', '', 'belum', 'belum', 'belum', 'default_profile.jpg'), ('16832932', '2016', '3', '42', 'Raisa Aryani', 'Raisa', 'perempuan', 'Pariaman', '1981-06-12', 'Dk. Dipenogoro No. 590, Surakarta 91914, Riau', '084632497515', '', '', '', '', '', 'belum', 'belum', 'belum', 'default_profile.jpg'), ('16834003', '2016', '4', '43', 'Zelaya Pradana', 'Zelaya', 'perempuan', 'Bukittinggi', '2000-04-25', 'Kpg. Dago No. 769, Langsa 13011, PapBar', '086637334278', '', '', '', '', '', 'belum', 'belum', 'belum', 'default_profile.jpg'), ('16834957', '2016', '5', '44', 'Winda Wijayanti', 'Winda', 'perempuan', 'Mataram', '1982-10-19', 'Jln. Bakhita No. 294, Bitung 85422, JaTim', '084687483764', '', '', '', '', '', 'belum', 'belum', 'belum', 'default_profile.jpg'), ('16851638', '2016', '6', '50', 'Anita Hastuti', 'Anita', 'perempuan', 'Payakumbuh', '1995-01-26', 'Jln. S. Parman No. 785, Banda Aceh 74045, DIY', '081461156816', '', '', '', '', '', 'belum', 'belum', 'belum', 'default_profile.jpg'), ('16867682', '2016', '1', '60', 'Carla Hutasoit', 'Carla', 'perempuan', 'Bontang', '1995-01-13', 'Psr. Baladewa No. 363, Prabumulih 99767, SulTra', '083142377587', '', '', '', '', '', 'belum', 'belum', 'belum', 'default_profile.jpg'), ('16868784', '2016', '2', '61', 'Samiah Yulianti', 'Samiah', 'perempuan', 'Pematangsiantar', '1972-11-10', 'Jln. Achmad Yani No. 976, Pontianak 39297, Papua', '084817242631', '', '', '', '', '', 'belum', 'belum', 'belum', 'default_profile.jpg'), ('16869964', '2016', '1', '70', 'Timbul Haryanto', 'Timbul', 'laki', 'Administrasi Jakarta Bara', '1982-11-06', 'Psr. Orang No. 54, Salatiga 72107, Banten', '083495541534', '', '', '', '', '', 'belum', 'belum', 'belum', 'default_profile.jpg'), ('16872452', '2016', '2', '71', 'Garang Anggriawan', 'Garang', 'laki', 'Pekanbaru', '2016-04-20', 'Kpg. Dewi Sartika No. 684, Administrasi Jakarta Pusat 56491, JaTeng', '084754505478', '', '', '', '', '', 'belum', 'belum', 'belum', 'default_profile.jpg'), ('16883301', '2016', '3', '72', 'Maida Hakim', 'Maida', 'perempuan', 'Tomohon', '2003-02-28', 'Ki. Baik No. 569, Surabaya 59362, Lampung', '085820508655', '', '', '', '', '', 'belum', 'belum', 'belum', 'default_profile.jpg'), ('16883715', '2016', '4', '10', 'Eka Uyainah', 'Eka', 'perempuan', 'Ternate', '1971-08-16', 'Jln. Bank Dagang Negara No. 332, Bandung 77471, SulTra', '084655196243', '', '', '', '', '', 'belum', 'belum', 'belum', 'default_profile.jpg'), ('16887328', '2016', '5', '20', 'Kani Nashiruddin', 'Kani', 'perempuan', 'Semarang', '2004-06-17', 'Kpg. Daan No. 94, Medan 28470, Jambi', '081897695972', '', '', '', '', '', 'belum', 'belum', 'belum', 'default_profile.jpg'), ('16887872', '2016', '3', '21', 'Cahyadi Palastri', 'Cahyadi', 'laki', 'Tegal', '1973-10-23', 'Ki. Diponegoro No. 226, Bitung 36412, DKI', '086266132574', '', '', '', '', '', 'belum', 'belum', 'belum', 'default_profile.jpg'), ('16897155', '2016', '6', '22', 'Kani Manullang', 'Kani', 'perempuan', 'Tanjung Pinang', '1991-06-15', 'Psr. Untung Suropati No. 774, Bontang 87658, Aceh', '086141734279', '', '', '', '', '', 'belum', 'belum', 'belum', 'default_profile.jpg'), ('16898709', '2016', '4', '23', 'Hardi Mangunsong', 'Hardi', 'laki', 'Mataram', '2009-11-04', 'Dk. Ters. Pasir Koja No. 146, Administrasi Jakarta Selatan 65196, Riau', '084230341170', '', '', '', '', '', 'belum', 'belum', 'belum', 'default_profile.jpg'), ('16901034', '2016', '1', '24', 'Ophelia Yuliarti', 'Ophelia', 'perempuan', 'Palangka Raya', '2011-10-21', 'Ds. Gotong Royong No. 511, Padang 92770, SumUt', '088837137244', '', '', '', '', '', 'belum', 'belum', 'belum', 'default_profile.jpg'), ('16905150', '2016', '5', '30', 'Gamanto Yuliarti', 'Gamanto', 'laki', 'Padangpanjang', '2008-07-04', 'Kpg. Dago No. 440, Malang 76020, Riau', '088816241372', '', '', '', '', '', 'belum', 'belum', 'belum', 'default_profile.jpg'), ('16906040', '2016', '2', '31', 'Siti Wahyuni', 'Siti', 'perempuan', 'Kotamobagu', '1996-09-22', 'Jln. Sutan Syahrir No. 878, Padangpanjang 53958, JaBar', '085879598642', '', '', '', '', '', 'belum', 'belum', 'belum', 'default_profile.jpg'), ('16907593', '2016', '6', '32', 'Raihan Lazuardi', 'Raihan', 'laki', 'Salatiga', '2006-03-10', 'Dk. Yogyakarta No. 15, Surabaya 28352, NTT', '086119742269', '', '', '', '', '', 'belum', 'belum', 'belum', 'default_profile.jpg'), ('16907949', '2016', '3', '33', 'Endah Laksmiwati', 'Endah', 'perempuan', 'Sawahlunto', '1982-01-06', 'Ki. Bass No. 837, Bengkulu 22906, SumBar', '081437588491', '', '', '', '', '', 'belum', 'belum', 'belum', 'default_profile.jpg'), ('16915132', '2016', '4', '40', 'Safina Permadi', 'Safina', 'perempuan', 'Bima', '1971-05-15', 'Psr. Cemara No. 100, Sawahlunto 79482, Lampung', '083446203735', '', '', '', '', '', 'belum', 'belum', 'belum', 'default_profile.jpg'), ('16915780', '2016', '5', '41', 'Zelaya Winarsih', 'Zelaya', 'perempuan', 'Surabaya', '1979-04-12', 'Jr. Reksoninten No. 783, Tidore Kepulauan 29094, KalSel', '088366811424', '', '', '', '', '', 'belum', 'belum', 'belum', 'default_profile.jpg'), ('16918540', '2016', '6', '42', 'Salwa Nasyiah', 'Salwa', 'perempuan', 'Bogor', '1981-08-19', 'Gg. Cikutra Timur No. 790, Banda Aceh 92340, Papua', '082964875783', '', '', '', '', '', 'belum', 'belum', 'belum', 'default_profile.jpg'), ('16927411', '2016', '1', '43', 'Ratna Zulaika', 'Ratna', 'perempuan', 'Administrasi Jakarta Pusa', '1984-05-08', 'Jln. Pattimura No. 755, Administrasi Jakarta Selatan 50470, KalTim', '087121396976', '', '', '', '', '', 'belum', 'belum', 'belum', 'default_profile.jpg'), ('16931214', '2016', '1', '44', 'Jumari Suryatmi', 'Jumari', 'laki', 'Tidore Kepulauan', '2012-02-20', 'Gg. Bakaru No. 828, Tidore Kepulauan 79847, KalBar', '083521471734', '', '', '', '', '', 'belum', 'belum', 'belum', 'default_profile.jpg'), ('16950052', '2016', '2', '50', 'Kania Santoso', 'Kania', 'perempuan', 'Sorong', '2002-05-03', 'Ki. Raya Setiabudhi No. 846, Pekanbaru 93778, SulUt', '083759613282', '', '', '', '', '', 'belum', 'belum', 'belum', 'default_profile.jpg'), ('16951160', '2016', '3', '60', 'Dalima Firgantoro', 'Dalima', 'perempuan', 'Tasikmalaya', '2016-03-24', 'Kpg. Suprapto No. 176, Balikpapan 29012, SulTeng', '083172926156', '', '', '', '', '', 'belum', 'belum', 'belum', 'default_profile.jpg'), ('16961885', '2016', '4', '61', 'Farah Winarno', 'Farah', 'perempuan', 'Singkawang', '1994-09-23', 'Jr. Moch. Yamin No. 323, Tasikmalaya 20079, SulUt', '086729279537', '', '', '', '', '', 'belum', 'belum', 'belum', 'default_profile.jpg'), ('16964710', '2016', '5', '70', 'Kani Wijayanti', 'Kani', 'perempuan', 'Bau-Bau', '2006-11-02', 'Jln. Madrasah No. 517, Bekasi 84070, Gorontalo', '087257174361', '', '', '', '', '', 'belum', 'belum', 'belum', 'default_profile.jpg'), ('16965327', '2016', '6', '71', 'Zulfa Budiyanto', 'Zulfa', 'perempuan', 'Tarakan', '2007-01-21', 'Kpg. Sugiyopranoto No. 79, Batam 34231, Maluku', '081228937663', '', '', '', '', '', 'belum', 'belum', 'belum', 'default_profile.jpg'), ('16965486', '2016', '2', '72', 'Emas Iswahyudi', 'Emas', 'laki', 'Tanjungbalai', '1984-05-20', 'Gg. Soekarno Hatta No. 400, Salatiga 78865, Jambi', '085354129696', '', '', '', '', '', 'belum', 'belum', 'belum', 'default_profile.jpg'), ('16966204', '2016', '3', '10', 'Timbul Wasita', 'Timbul', 'laki', 'Payakumbuh', '1979-03-24', 'Ki. Cut Nyak Dien No. 975, Pematangsiantar 69747, Riau', '088071508635', '', '', '', '', '', 'belum', 'belum', 'belum', 'default_profile.jpg'), ('16966356', '2016', '4', '20', 'Baktiadi Utami', 'Baktiadi', 'laki', 'Kupang', '1998-10-17', 'Dk. Rajiman No. 788, Depok 10628, JaTeng', '084991272627', '', '', '', '', '', 'belum', 'belum', 'belum', 'default_profile.jpg'), ('16967195', '2016', '1', '21', 'Oni Sihombing', 'Oni', 'perempuan', 'Sibolga', '2012-11-12', 'Kpg. Sutarto No. 142, Pekanbaru 60133, SumBar', '087249646114', '', '', '', '', '', 'belum', 'belum', 'belum', 'default_profile.jpg'), ('16972286', '2016', '2', '22', 'Yessi Utami', 'Yessi', 'perempuan', 'Yogyakarta', '2007-05-22', 'Psr. Bakau No. 745, Kendari 81512, JaTeng', '086157546489', '', '', '', '', '', 'belum', 'belum', 'belum', 'default_profile.jpg'), ('16972963', '2016', '5', '23', 'Rangga Iswahyudi', 'Rangga', 'laki', 'Subulussalam', '2015-02-03', 'Psr. Kartini No. 787, Pariaman 56655, DKI', '084398602136', '', '', '', '', '', 'belum', 'belum', 'belum', 'default_profile.jpg'), ('16974265', '2016', '6', '24', 'Nasim Hariyah', 'Nasim', 'laki', 'Serang', '2017-03-20', 'Psr. Sugiono No. 331, Pasuruan 29290, DKI', '084778289538', '', '', '', '', '', 'belum', 'belum', 'belum', 'default_profile.jpg'), ('16978715', '2016', '1', '30', 'Sabar Ardianto', 'Sabar', 'laki', 'Padangsidempuan', '1972-08-06', 'Gg. Cikapayang No. 488, Magelang 17380, PapBar', '087691582671', '', '', '', '', '', 'belum', 'belum', 'belum', 'default_profile.jpg'), ('16979380', '2016', '2', '31', 'Wahyu Nasyiah', 'Wahyu', 'laki', 'Sukabumi', '2006-09-29', 'Kpg. Urip Sumoharjo No. 313, Denpasar 53661, JaTim', '084487591892', '', '', '', '', '', 'belum', 'belum', 'belum', 'default_profile.jpg'), ('16994476', '2016', '3', '32', 'Violet Januar', 'Violet', 'perempuan', 'Tanjung Pinang', '2005-09-30', 'Jr. Baya Kali Bungur No. 99, Bekasi 23736, DKI', '087321653145', '', '', '', '', '', 'belum', 'belum', 'belum', 'default_profile.jpg'), ('16996215', '2016', '4', '41', 'Lili Nasyiah', 'Lili', 'perempuan', 'Bogor', '1993-09-22', 'Dk. Kalimantan No. 616, Langsa 93548, JaBar', '085055752046', '', '', '', '', '', 'belum', 'belum', 'belum', 'default_profile.jpg'), ('16997661', '2016', '5', '33', 'Mila Wulandari', 'Mila', 'perempuan', 'Jambi', '2017-11-25', 'Psr. Ir. H. Juanda No. 948, Tangerang 69955, DIY', '088159397680', '', '', '', '', '', 'belum', 'belum', 'belum', 'default_profile.jpg'), ('16997818', '2016', '6', '40', 'Aisyah Pangestu', 'Aisyah', 'perempuan', 'Sorong', '1992-09-01', 'Ds. Orang No. 428, Tanjungbalai 22442, SulSel', '086941328323', '', '', '', '', '', 'belum', 'belum', 'belum', 'default_profile.jpg');
COMMIT;

-- ----------------------------
-- Table structure for t_user
-- ----------------------------
DROP TABLE IF EXISTS `t_user`;
CREATE TABLE `t_user` (
`id_user`  int(8) NOT NULL AUTO_INCREMENT ,
`username`  varchar(8) CHARACTER SET latin1 COLLATE latin1_swedish_ci NOT NULL ,
`password`  varchar(8) CHARACTER SET latin1 COLLATE latin1_swedish_ci NOT NULL ,
PRIMARY KEY (`id_user`)
)
ENGINE=InnoDB
DEFAULT CHARACTER SET=latin1 COLLATE=latin1_swedish_ci
AUTO_INCREMENT=5

;

-- ----------------------------
-- Records of t_user
-- ----------------------------
BEGIN;
INSERT INTO `t_user` VALUES ('1', 'admin', 'admin'), ('3', 'adiola', 'adiola'), ('4', 'drogba', 'bandi');
COMMIT;

-- ----------------------------
-- Auto increment value for t_berita
-- ----------------------------
ALTER TABLE `t_berita` AUTO_INCREMENT=14;

-- ----------------------------
-- Auto increment value for t_kelompok
-- ----------------------------
ALTER TABLE `t_kelompok` AUTO_INCREMENT=7;

-- ----------------------------
-- Auto increment value for t_user
-- ----------------------------
ALTER TABLE `t_user` AUTO_INCREMENT=5;
SET FOREIGN_KEY_CHECKS=1;
